	L19	K18	K20	K21	K22	K23	K24	L18	L20	L22	L23	L24
ENSG00000210082	6.187859087917457	6.898412854248522	6.9739817408231835	6.8427674064381465	6.815816474963182	7.019260037953002	6.85460738557199	6.798137837271197	6.861239291165592	6.825611639438198	6.952113192982306	6.941518230937043
ENSG00000198886	5.414060808589091	5.846357702685581	5.74033104207208	5.785850571829981	5.8776205899358445	5.748964540877715	5.8745329644055095	5.80414715999732	5.732469356618629	5.892086641017984	5.900873413091157	5.715405555655569
ENSG00000198938	5.590642104089762	5.491265989363089	5.4474964463685716	5.4848807981415435	5.543204912759204	5.453888447796936	5.5179174706474825	5.436496375574619	5.533415129883814	5.490375128708378	5.521896466561496	5.513803769608343
ENSG00000198727	5.116316873334139	5.441732403477428	5.515369207302629	5.586149124612942	5.545822762244448	5.501026311460712	5.460706576897263	5.694364335607407	5.501687888830575	5.520159032117848	5.458152003484645	5.417797927001862
ENSG00000198888	5.134725858642383	5.430791147850638	5.288851370157862	5.517536772341987	5.545822762244448	5.432203228504624	5.50970663044389	5.506021638403012	5.6481977279575	5.540661345709088	5.459838273434409	5.366101659160463
ENSG00000132432	3.768926133027751	5.196301887762607	5.172612564253093	5.284355606691103	5.219488064203528	5.196371602492295	5.0512978951847805	5.2113538285233565	5.1100431671773245	5.1897584282602365	5.1152628679505225	4.995260928953865
ENSG00000198712	5.278865065077294	5.2700142814666275	5.147650778587417	5.234002951451735	5.244534710038246	5.2393749651788095	5.347125961224032	5.314104277823967	5.265482194004618	5.261578405157404	5.315057650947913	5.229899236427081
ENSG00000198899	5.0622388139779	5.246042174143869	5.2226971609982975	5.142362663053307	5.215858205900375	5.149013595919615	5.178467238706482	5.234277941399703	5.237151977571963	5.160510897962969	5.273304158017822	5.17234042355634
ENSG00000198840	4.65667073819414	5.156096760662177	4.903089733459768	5.0736114112163735	5.026232145682532	4.962996513613784	5.099658972474492	5.037303151664712	4.919861930356187	5.061811599641424	5.076472476558549	4.954464764231235
ENSG00000198786	4.258380581623385	5.184643716782384	5.0245244295802864	4.756844692108509	4.731924530659477	4.924288995505617	4.756159572352278	5.130906715030774	5.026313304576332	5.005667581721032	5.0590167624711375	5.1085231917175244
ENSG00000198763	4.793911463914502	5.216950098702715	5.084622028584092	5.0054418866935775	5.056538394007211	5.044297886563476	4.946937866821179	5.1665643529338645	5.161411169238195	5.153063373927089	5.0739973809320205	5.195259591603398
ENSG00000269028	3.668763664726192	5.225991984618997	5.319470060922496	4.756844692108509	4.558405946012807	4.957138163086118	4.5550641227914435	4.8888178426772955	4.82770540992089	4.879664901842261	5.017935316649616	5.080681873803552
ENSG00000075624	5.078449934886558	4.7067125703056325	4.525162927114941	4.781857179634499	4.797571202880755	4.704474807694701	4.846535784059777	4.779940114455728	4.86366819676152	4.81890113367485	4.7350687502513225	4.700586068450937
ENSG00000212907	3.7807694207877938	4.841005524929886	4.4131333515167634	4.488719637618225	3.955733019955274	4.432297581245125	4.115737638381973	4.630483163784515	4.4179112723098015	4.358568592941517	4.58122234549107	4.979766428670193
ENSG00000184009	4.699855962886732	4.699119190752026	4.582373720078137	4.712454569884692	4.772394083056866	4.64606836808219	4.766614286689265	4.64873876656273	4.715070760469267	4.8564712538384125	4.531321129284692	4.704706360260851
ENSG00000228253	4.497552780261358	5.067853589353959	4.884080841424263	4.836783076692118	4.861766713681991	4.905905786959423	4.817308607117135	4.822645665733434	4.844212626666739	4.808404931891729	4.910103585011849	4.925213562042259
ENSG00000211459	4.661562230408809	5.073111382588027	4.978204032003818	4.999782158442577	4.9245247176823375	4.933355405141082	4.89342603960978	4.8816779361012514	5.034467635367049	4.927624945026669	4.924595542135833	4.9383198408364
ENSG00000198804	4.933336767004209	4.732844321844851	4.80717677862809	4.719991116182905	4.632767958259293	4.700685402870673	4.675957603033491	4.625866710608565	4.6962664770816005	4.7430032320673545	4.6326119743519865	4.75286945228657
ENSG00000205542	4.718466604383196	4.324405992474921	4.291919667604037	4.296293782207184	4.373967170632136	4.1600441676034805	4.234661379690817	4.1853618324951425	4.1020957335464345	4.1303386473629375	4.182881178083587	4.175069058891595
ENSG00000108518	4.083243767739898	4.2614880633612415	4.148254246320621	4.318973731148631	4.330854500312218	4.322177740516132	4.2405453244234685	4.2275868701255135	4.289670719821888	4.254016815671148	4.442185218965863	4.382444425294201
ENSG00000251562	4.3883116951030114	4.35174674231592	4.36363161468271	4.404875030579678	4.262486487017373	4.253340864584018	4.257992242639348	4.374706816375427	4.40783078058746	4.254016815671148	4.275152322538987	4.287248653343102
ENSG00000248527	4.53700851995349	4.4590533792717055	4.48102510086264	4.378814896743082	4.398969900225397	4.466464911542019	4.407640474921039	4.460171992329756	4.4027521707353054	4.443131809074195	4.522756683401208	4.3710288804643405
ENSG00000080824	4.15863298755554	4.219284807967125	4.1708847919107805	4.141545360358362	4.137000189213712	4.020341547822978	4.081940248413483	4.126136537309772	4.162151921889596	4.1303386473629375	3.997564656034199	3.999985964403714
ENSG00000026025	4.322034637308292	3.6222857370177994	3.6554232378384417	3.682360864947262	3.7500440436990266	3.5974610232836137	3.7216873475981416	3.7287115876329864	3.701449308452108	3.3970413049301937	3.5341923267940847	3.7347931152342655
ENSG00000111640	4.349074821446694	4.1291270881233215	4.1425156723967005	4.134828281578567	4.147639362734866	4.210882973287879	4.135481031632986	4.350626224396112	4.108949549184743	4.295984294310813	4.12056542767376	4.242570332359296
ENSG00000120708	4.62680841382092	3.7580679580307823	3.8808874407846456	3.8919027935992014	3.896304222231692	3.9010524383543927	4.025369878737251	3.9424670302193	3.8796477568367527	3.815309695422698	3.8982654362320237	3.9221604014452898
ENSG00000166710	4.695148676272135	3.397430772480172	3.424663160458411	3.2841530826734435	3.597187023331345	3.381142425123437	3.7216873475981416	3.5143722475727923	3.303168965672093	3.3065094851779486	3.5225676681363454	3.3571452485311646
ENSG00000197956	4.514653352586679	3.738341234741892	3.9318966782588602	3.925696985227968	3.8546275596119632	3.8401078589428086	3.84225428958934	3.7511549620113303	3.862317006365573	3.815309695422698	3.8982654362320237	3.913127046912788
ENSG00000123416	4.335646123037972	3.6976805171099594	3.9529856379314503	3.829867292690295	3.8894776187640647	3.81280712978436	3.885012471212639	4.02172205765281	3.913433413005377	3.824759748408254	3.8738789402041967	3.6675043702254166
ENSG00000065978	3.7569408990133732	4.007451924043761	4.1764633019465665	4.224994019858917	4.087671418112897	4.179412857068189	4.088791725496353	4.199635870515622	4.122517845738502	4.123385497989353	4.139671246858772	4.175069058891595
ENSG00000231500	4.029629349057124	3.976534836935501	3.980429769008461	3.9663944276520873	3.9996309852696896	4.049887103576716	4.018068151207807	3.995995379412623	3.913433413005377	3.997124257202218	4.06095499963517	3.974711160169972
ENSG00000137154	3.628455670414186	3.936493808233591	4.013708539777884	4.134828281578567	3.9621233774693394	4.012816718119726	4.081940248413483	4.038512680874905	4.067103811162597	3.931698866233104	4.094509565110027	3.7978381397498215
ENSG00000137818	3.9333428995080872	3.7963910080580057	3.770329856767981	3.8745675515458937	3.676533353105429	3.7361368373799153	3.815693361351391	3.8859105417340474	3.604499979998787	3.506260046648725	3.579384992924382	3.6904407346808887
ENSG00000167996	4.413639603269083	3.5036473608665646	3.5466847593574995	3.763727365154988	3.7341689683707857	3.67451190467366	3.660726619646639	3.670295296237661	3.6157480978522187	3.5317975981295184	3.5682768531571734	3.7772616207930954
ENSG00000138326	3.9433996030298437	3.805746610937372	3.786892038201152	3.811412294257335	3.7733938973618533	3.803538707456637	3.7884076556720037	3.846347207228456	3.789824593211992	3.931698866233104	3.840410014182871	3.84749998804636
ENSG00000135480	4.001704193374762	4.022559252306288	3.9460052843330136	4.013141083421916	3.9297552222802383	4.120143666227866	3.934020068518004	4.030152609478421	4.038201046641435	3.815309695422698	3.922071361081667	3.8571431155308633
ENSG00000134333	3.7807694207877938	3.8332994473894697	3.8957289344015895	4.043134004528024	3.9030845389869095	4.012816718119726	3.8334788009739262	4.087256500228071	3.90509340801558	3.870715143924399	3.788007718287005	4.01648777118458
ENSG00000146648	2.279977295855909	3.851255088576147	3.9175861674276318	3.8919027935992014	3.987284105271136	3.9260758468745007	4.1023554394711415	3.9515897743888773	4.142531228462349	3.9649465265380033	4.00480975202609	3.991631808603069
ENSG00000171858	3.7075096815406914	3.718217523435928	3.8031843768971605	3.7926102949224414	3.868713658549592	3.803538707456637	3.8334788009739262	3.762190543107685	3.871019925495299	3.805769486277895	3.788007718287005	3.6790383106135667
ENSG00000182718	4.1258262204964335	3.5881483024079417	3.7534887432742416	3.763727365154988	3.818518982442797	3.4497620891150063	3.89334901374742	3.7839029386695855	3.862317006365573	3.8616914651800216	3.611987717506887	3.6790383106135667
ENSG00000172757	4.182550515961656	3.5996574191193367	3.6831361284831634	3.692901169202456	3.8546275596119632	3.866683022882048	3.7412088280045284	4.133734382347905	3.8796477568367527	3.870715143924399	3.6741678061590584	3.8571431155308633
ENSG00000105974	3.2496218265358645	3.8241992595528003	4.052234154815588	3.8020554833363773	3.987284105271136	3.9260758468745007	4.003302777330141	3.9424670302193	3.7515074543373186	3.6616657536961785	3.823245894029007	4.0798996497285565
ENSG00000125148	3.9333428995080872	3.4519486496968588	3.4363921518949034	3.6166736377163415	3.578665625956247	3.6312122863782363	3.5731955836007114	3.6335340637056097	3.626871101544793	3.5689212481708386	3.643560979422977	3.607750582650112
ENSG00000142937	3.512277184693684	3.928289549515804	3.7449606197337477	3.829867292690295	3.796210952472321	3.866683022882048	3.901616632530684	3.7511549620113303	3.8084462903469087	3.9567376679533472	3.788007718287005	3.7347931152342655
ENSG00000070756	3.5720526596160496	3.6976805171099594	3.761944752490114	3.7830750435871363	3.757888064016368	3.803538707456637	3.815693361351391	3.773105668246278	3.799178787103697	3.815309695422698	3.796934356451673	3.8855268051415663
ENSG00000067225	4.166669225826753	3.0879815901538867	3.3638614047925537	3.605293688152708	3.262498007312263	3.3074649039994486	3.4256067510664825	3.555690822092034	3.4454444516364324	3.480053199123677	3.5341923267940847	3.4763309213186653
ENSG00000156482	3.9533561754194766	3.5161649548346547	3.5975812532324736	3.470739575416009	3.5405608067493257	3.695478351879788	3.7017771786290896	3.4414716330198054	3.5816169168263445	3.5191103409909585	3.5456834041134067	3.6558358442447765
ENSG00000069275	3.464977354978879	3.5881483024079417	3.8192155250135262	3.95838636402288	3.587969204300995	3.755862510002945	3.639551612319329	3.6822547436580217	3.680702687835791	3.367765337977477	3.6012378155448967	3.6558358442447765
ENSG00000133112	4.190397570830732	3.644413323951897	3.626920399145956	3.713654226859144	3.718037804130152	3.7361368373799153	3.769794589297803	3.69407285137581	3.4971324048035686	3.6835675646580497	3.5682768531571734	3.6440295546861483
ENSG00000140988	3.9533561754194766	3.5647249011367528	3.761944752490114	3.7033315332399783	3.587969204300995	3.608838486901152	3.639551612319329	3.3950358081491343	3.626871101544793	3.7864116015812126	3.6012378155448967	3.6675043702254166
ENSG00000135446	2.514284994569395	3.655296174160551	3.626920399145956	3.713654226859144	3.6420431028092564	3.695478351879788	3.8334788009739262	3.87616548108772	3.929907612381537	3.7049999492224512	3.7699117709726386	3.6675043702254166
ENSG00000197756	3.768926133027751	3.633410732999197	3.4594453236864906	3.6717082781353665	3.569274677551161	3.4228765812742665	3.6916714380060265	3.410755225341551	3.404846058759429	3.6835675646580497	3.5341923267940847	3.462186734037936
ENSG00000074800	3.9333428995080872	3.5285277938084594	3.6647464627888255	3.6166736377163415	3.7341689683707857	3.608838486901152	3.7314957230696137	3.6822547436580217	3.7217742405946153	3.672676619144132	3.5225676681363454	3.7772616207930954
ENSG00000106211	2.7379547891454257	3.478132062674017	3.607456920845759	3.444203951372165	3.4276044899919182	3.4228765812742665	3.2985944284406763	3.1442504167167367	3.659516509515584	3.3970413049301937	3.590371096278977	3.221807569613337
ENSG00000071082	3.600651774767873	3.860113436887545	3.7276830350088135	3.6717082781353665	3.8616954111486392	3.705798999972538	3.6069238873315634	3.69407285137581	3.8446805958797015	3.736311112861443	3.7135720667043084	3.7128627965135688
ENSG00000148303	3.7325306898437387	3.4385952840401317	3.504016079884469	3.7033315332399783	3.701642153121025	3.74604831067296	3.412265126037932	3.410755225341551	3.701449308452108	3.411364031916241	3.5570439352706438	3.6440295546861483
ENSG00000146731	2.6323604217819225	3.74825323854911	3.692205679259783	3.8389686235035687	3.757888064016368	3.81280712978436	3.639551612319329	3.5143722475727923	3.835744361256116	3.650532298013388	3.7421386366586527	3.607750582650112
ENSG00000083845	3.0750281077322423	3.4909710883681155	3.6647464627888255	3.5703555554051314	3.559794702529292	3.5974610232836137	3.514323551532728	3.5143722475727923	3.4320939562345	3.3065094851779486	3.2862568369513565	3.462186734037936
ENSG00000255823	3.121616405280421	3.8241992595528003	3.9529856379314503	3.6166736377163415	3.5308033276128885	3.849044948116087	3.769794589297803	3.5953696980175325	3.741694285515429	3.694341174229841	3.9902666853108943	3.9399859311879255
ENSG00000164587	4.029629349057124	3.7677872842933238	3.6365118971767516	3.627925539835047	3.62434137945965	3.7160142194535823	3.5731955836007114	3.8955615519632767	3.5220078552470824	3.627886479651686	3.4623266324899395	3.6675043702254166
ENSG00000019582	4.221184151503359	2.2815413039138037	2.5892466434409602	2.61246711898006	2.431922339312085	2.3213715932852654	2.5506189826556342	2.2006200062055243	2.433289375878376	2.3899099578838325	2.458996299356103	2.5501943451663167
ENSG00000163191	4.117453556734076	3.5528041891220115	3.376321103632752	3.692901169202456	3.5209497011514865	3.2764036126050398	3.6069238873315634	3.555690822092034	3.5699759787566645	3.4666876434327447	3.3438059762088512	3.4478396149867243
ENSG00000181019	4.182550515961656	2.723548118524086	2.763557374384052	2.8332926045557967	2.6898430588731803	2.6050076133284232	3.2365152171057066	2.550204395372618	2.396116868957499	2.6339990281248493	2.5557679616712456	3.0219481156848835
ENSG00000125691	3.7807694207877938	3.5996574191193367	3.57753242602823	3.7539113161462514	3.818518982442797	3.6312122863782363	3.750828495373311	3.705752921182629	3.6487526875025953	3.7666715796475767	3.7135720667043084	3.607750582650112
ENSG00000182899	3.668763664726192	3.4909710883681155	3.617236012621872	3.5584328820179283	3.5209497011514865	3.72612614253184	3.5500609960346736	3.4564831207753124	3.534217318471437	3.672676619144132	3.424359402259189	3.607750582650112
ENSG00000096384	3.7325306898437387	3.4651260501269845	3.2856556544125985	3.470739575416009	3.5502239967698856	3.4629385519213214	3.3427487874017037	3.7172981405064487	3.376834866646905	3.5809957292991967	3.3154453373927053	3.2573975012656273
ENSG00000142676	3.668763664726192	3.5528041891220115	3.4819790002725934	3.444203951372165	3.650777827906877	3.526335953082282	3.5263784986436923	3.3950358081491343	3.5096474765354904	3.5566991902195224	3.5225676681363454	3.787602803479377
ENSG00000122406	2.8633654801957547	3.5407396575774968	3.7189309946308673	3.5584328820179283	3.4596975077498913	3.5743102335793195	3.639551612319329	3.5690928123614465	3.4716223466140077	3.453141026952977	3.5570439352706438	3.5828121318796367
ENSG00000198744	3.8814839603862112	3.842317568072743	3.6554232378384417	3.682360864947262	3.709873580420728	3.67451190467366	3.650195162552817	3.6082536683000255	3.659516509515584	3.715546311855732	3.611987717506887	3.787602803479377
ENSG00000167553	3.7807694207877938	3.3397684438945037	3.567355236259361	3.593782743185965	3.7421380079562	3.4759436510752724	3.5263784986436923	3.6581910874221193	3.6157480978522187	3.4932424702867317	3.4868602150119337	3.4763309213186653
ENSG00000247627	3.380805008998033	3.7963910080580057	3.5466847593574995	3.605293688152708	3.818518982442797	3.705798999972538	3.7216873475981416	3.6082536683000255	3.6378717438052086	3.694341174229841	3.760739498458334	3.607750582650112
ENSG00000109475	3.655507376113759	3.3248179347433537	3.424663160458411	3.5821377518676782	3.62434137945965	3.653096434338549	3.3135302219983656	3.555690822092034	3.45861905695262	3.4254845117166277	3.411376422104153	3.308514561277786
ENSG00000196230	3.7448102748683896	3.5161649548346547	3.3638614047925537	3.48374792277282	3.4596975077498913	3.56253070189172	3.3427487874017037	3.4262313617571567	3.3480163800658485	3.480053199123677	3.411376422104153	3.4902778375611687
ENSG00000196262	3.8490265746440495	3.1964132450474705	3.3638614047925537	3.1309875878267808	3.168451737751099	3.3952482250652904	3.2985944284406763	3.164405522177318	3.081571126308872	3.0963898977413664	3.256190686482147	3.1659287770029594
ENSG00000234745	4.1004949438119604	2.1442685008685056	2.2336569238955413	2.7289630037803705	2.8177138049582915	2.4732122481056007	2.4849236252669216	2.621366007236285	2.433289375878376	2.5365836212265225	2.3888536198814205	2.1658092401381523
ENSG00000142871	2.514284994569395	3.5036473608665646	3.557073405434551	3.627925539835047	3.6332314094992566	3.4364096862899784	3.617918506327328	3.3790653392411225	3.604499979998787	3.736311112861443	3.3438059762088512	3.433283656227895
ENSG00000249072	3.0008045709488727	3.842317568072743	3.770329856767981	3.7033315332399783	3.5308033276128885	3.794183577204288	3.5845652209969177	3.6459385697411264	3.680702687835791	3.5929261549983016	3.6741678061590584	3.6558358442447765
ENSG00000108298	3.44870015917134	3.3248179347433537	3.567355236259361	3.546366341484248	3.6420431028092564	3.366834801308088	3.5500609960346736	3.4858465195715955	3.5931239013070453	3.6616657536961785	3.4623266324899395	3.6558358442447765
ENSG00000087460	3.8040433339841764	3.1436663761529418	2.8510260681355715	3.0140657935600914	3.416673782807598	3.123288246525625	3.2365152171057066	3.2225423906501267	3.2877614561614688	3.1346206340380967	3.143212950649651	3.3571452485311646
ENSG00000154978	1.898951038510906	3.2785766142975517	3.1859428896479582	3.5341524193540335	3.168451737751099	3.4497620891150063	3.3282462164747084	3.3950358081491343	3.390938537857325	3.453141026952977	2.8698097664484017	3.3882996397519225
ENSG00000213741	3.398215828874764	3.4909710883681155	3.424663160458411	3.3600911122777797	3.4491138640423684	3.381142425123437	3.3570440368775083	3.2951472904684858	3.3183426814576227	3.411364031916241	3.5456834041134067	3.462186734037936
ENSG00000034510	3.512277184693684	3.106889819777122	3.0917701727476015	3.034526949165788	2.94877572514346	3.0268633521916586	3.0620230526422567	3.3628356692952823	2.660768027301299	3.0963898977413664	3.27133675413643	3.0652434215651727
ENSG00000136810	3.972976766184871	3.262675146125228	3.2720053915477703	3.3304042429605056	3.1252710513649498	3.141505677503139	3.2680364739989205	3.059304144774305	3.1190253915364217	3.0566392733395205	3.3009575794615262	3.086207846769472
ENSG00000167658	3.4153286923697355	3.0290122080796023	2.8510260681355715	3.218956670513696	3.236517897954084	2.874041235654764	3.283432170251075	3.164405522177318	3.3625294329102884	3.2242537440569103	3.193202533549796	3.274728477011557
ENSG00000072110	3.4321536261610626	3.3248179347433537	3.4479851674109256	3.1671090267303263	3.236517897954084	3.123288246525625	3.3427487874017037	3.6082536683000255	3.2400612238024893	3.2069583490583877	3.384893576836812	3.3728437637468573
ENSG00000170315	3.187665892579375	3.1615595901617013	3.338466374797098	3.509267714110259	3.4056222735960686	3.2605035097703694	3.5382898532862206	3.346338245634344	3.223641760830621	3.3970413049301937	3.0539077717484235	3.106741774537804
ENSG00000244052	3.0985935406573017	3.309640511090268	3.6460122716921415	3.546366341484248	3.416673782807598	3.4759436510752724	3.5845652209969177	3.4414716330198054	3.390938537857325	3.6047159221081855	3.498904925515497	3.3571452485311646
ENSG00000008988	3.557440420723875	2.8761720379097335	2.9119464893927844	3.3600911122777797	3.1542643456841084	2.985530031274556	3.0031299804235325	2.9418449375315827	3.0021717607936926	3.1893585508769613	3.193202533549796	2.827167402349966
ENSG00000143947	3.398215828874764	3.4651260501269845	3.4707756314593	3.3746104657651768	3.360152818312967	3.1942475376942854	3.2680364739989205	2.864119637118169	3.4320939562345	3.2412550869100096	3.256190686482147	3.4902778375611687
ENSG00000214182	3.026162828072709	3.3397684438945037	3.3512445010723018	3.1124255010547857	3.080141315524916	3.1047327729669987	3.2039679414615314	3.013962277241641	3.2400612238024893	2.97205856806871	3.256190686482147	3.274728477011557
ENSG00000112306	3.2293933721603025	3.4250611899544143	3.2581662173433354	3.3746104657651768	3.416673782807598	3.5385470115944844	3.4387727181281096	3.1442504167167367	3.3480163800658485	3.35279954667594	3.5225676681363454	3.1268625299428385
ENSG00000145592	3.5426114941006817	3.687251654206388	3.4819790002725934	3.3304042429605056	3.2878202070839304	3.2443465033727112	3.1530702556929637	3.1442504167167367	3.4454444516364324	3.35279954667594	3.3154453373927053	3.308514561277786
ENSG00000244398	3.0008045709488727	3.4519486496968588	3.3512445010723018	3.3304042429605056	3.3484549041044085	3.00641023196012	3.2039679414615314	3.2035365179789546	3.0623044523171936	3.2579722094989503	3.5682768531571734	3.3571452485311646
ENSG00000174748	3.0508939151555654	3.1615595901617013	3.376321103632752	3.4575597782297782	3.2098447780044137	3.2605035097703694	3.4897687327216778	2.864119637118169	3.2877614561614688	3.274414458696368	3.3009575794615262	3.3411963541300724
ENSG00000198363	3.668763664726192	3.397430772480172	3.2991220940210724	3.3746104657651768	3.416673782807598	3.4759436510752724	3.3427487874017037	3.3950358081491343	3.2721128355353284	3.2905907277516495	2.93501482564717	3.106741774537804
ENSG00000136942	3.0750281077322423	3.3544987238192165	3.41279496544952	3.218956670513696	3.2752392567819144	3.1942475376942854	3.4256067510664825	3.1442504167167367	3.3332895927724304	3.076712086555426	3.20932541403636	3.403520263078295
ENSG00000204628	3.6947604235978653	3.309640511090268	3.155526827143221	3.444203951372165	3.4056222735960686	3.526335953082282	3.3711378089823483	3.555690822092034	3.5816169168263445	3.3065094851779486	3.2408116828773545	3.4763309213186653
ENSG00000256618	3.4809938416330906	3.7677872842933238	3.7011937120627545	3.639052244060714	3.676533353105429	3.663861496206856	3.7314957230696137	3.7172981405064487	3.5816169168263445	3.7666715796475767	3.653867692665397	3.7128627965135688
ENSG00000224631	3.3630856730227805	3.369015168637892	3.493058242959969	3.3304042429605056	3.4384170075488494	3.2279241551223232	3.3282462164747084	3.059304144774305	3.2721128355353284	3.5191103409909585	3.4623266324899395	3.433283656227895
ENSG00000143933	3.5864544523813366	3.0687089377266483	2.987798134777312	3.430667329006142	3.1104529579456317	3.366834801308088	3.187288239616572	3.259503629813543	3.534217318471437	3.274414458696368	3.3009575794615262	3.2917641997948768
ENSG00000225972	3.0008045709488727	3.1436663761529418	3.2991220940210724	3.4169449490898107	3.4056222735960686	3.4759436510752724	3.3427487874017037	3.3628356692952823	3.4716223466140077	3.411364031916241	3.3154453373927053	3.3882996397519225
ENSG00000134419	3.655507376113759	3.0687089377266483	3.2441328294966487	3.1846919591214706	3.095411981797024	3.0858264738183587	3.22037398908338	2.864119637118169	3.1551273327130294	3.1893585508769613	3.0724182493603696	3.0438300607657625
ENSG00000130255	3.0985935406573017	2.9663463191382005	2.987798134777312	2.950043661447419	2.7343083631181453	2.9424143305874972	2.8266733657082166	3.102678993324027	3.0623044523171936	2.9035703887086153	3.0158260640491994	2.9766931628443603
ENSG00000185650	3.628455670414186	3.106889819777122	3.1708504960454515	3.3304042429605056	3.4384170075488494	2.874041235654764	3.2985944284406763	3.184162412221561	3.081571126308872	3.171443442112161	3.193202533549796	3.106741774537804
ENSG00000125968	3.792474085237288	2.6375071041031664	2.4430431257945706	2.8332926045557967	2.516512410881995	2.573651184717234	2.4849236252669216	2.7798401083113946	2.7172727315341447	2.5018823743265663	2.5557679616712456	2.7134136987754056
ENSG00000228236	3.792474085237288	3.106889819777122	2.9693677626345623	3.1846919591214706	2.9661716128236284	2.8973555755653986	2.98270213876476	2.9418449375315827	3.0226204057163093	2.7506803259476897	3.0539077717484235	3.0219481156848835
ENSG00000187514	3.2496218265358645	3.230092925152765	3.1708504960454515	3.0935123362048764	3.196236589378069	3.1593971627304382	3.0994424160762195	3.184162412221561	3.303168965672093	3.2069583490583877	3.20932541403636	2.9047224270710736
ENSG00000244313	3.307962142842455	3.2133948685056457	3.3124095956234982	3.034526949165788	3.312516997210248	3.2605035097703694	3.3135302219983656	3.1442504167167367	3.2562154373994665	3.3825104529081917	3.193202533549796	3.184904102326432
ENSG00000177600	3.3630856730227805	3.0490575387640186	3.2856556544125985	3.3152236396926016	3.095411981797024	3.3074649039994486	3.22037398908338	3.2225423906501267	3.042659269045408	3.453141026952977	3.1601553296456038	3.3882996397519225
ENSG00000172809	3.1441211244298333	3.3248179347433537	3.338466374797098	3.034526949165788	3.1824406602081683	3.0665558269941746	3.3570440368775083	3.1442504167167367	3.137239272047576	2.99388382226452	3.0350481840037413	3.0652434215651727
ENSG00000233762	3.2496218265358645	2.9876742731934423	3.023670115342142	2.971842984835453	2.983270050627511	3.0858264738183587	3.023148865530787	2.9418449375315827	2.9159201640394112	3.0566392733395205	2.9962272005623616	2.9292927217959916
ENSG00000166913	3.187665892579375	3.369015168637892	3.0751749807634305	3.2356585759234666	3.3366185273787474	3.352319494346915	3.2680364739989205	3.0368901746160386	3.3332895927724304	3.411364031916241	3.384893576836812	3.1268625299428385
ENSG00000132507	2.7039806686546064	3.106889819777122	3.215461058507272	3.1309875878267808	3.4384170075488494	3.211227604029944	3.2680364739989205	3.4262313617571567	3.3332895927724304	3.2242537440569103	3.27133675413643	3.221807569613337
ENSG00000122566	3.4153286923697355	2.7506584248691976	3.1859428896479582	3.1309875878267808	3.1542643456841084	2.8973555755653986	3.2039679414615314	3.0368901746160386	3.1551273327130294	3.35279954667594	3.0158260640491994	3.106741774537804
ENSG00000198034	3.1441211244298333	3.1964132450474705	3.2991220940210724	3.2682481242393333	3.1824406602081683	3.4228765812742665	3.2680364739989205	3.4564831207753124	3.223641760830621	3.2579722094989503	3.193202533549796	3.274728477011557
ENSG00000102144	2.6323604217819225	3.411341408178044	3.0582997342885965	3.2356585759234666	3.048882079501153	3.3375903860483827	3.3711378089823483	3.410755225341551	3.2400612238024893	3.0566392733395205	2.8920205628863487	3.2917641997948768
ENSG00000144381	3.0750281077322423	3.008556828537073	3.4594453236864906	3.2356585759234666	3.3366185273787474	3.1047327729669987	3.170325599318	3.164405522177318	3.3183426814576227	3.274414458696368	3.1768154400967985	3.239760857488392
ENSG00000105193	3.6947604235978653	3.262675146125228	3.2441328294966487	3.1671090267303263	3.2752392567819144	3.123288246525625	3.187288239616572	3.0368901746160386	3.376834866646905	3.115687953414274	2.9962272005623616	3.184904102326432
ENSG00000115053	2.594530136271819	2.607099088779856	2.9119464893927844	2.7010864788227886	2.931071855023065	2.985530031274556	2.7515526496981417	3.123680712372237	2.770754692284968	2.99388382226452	2.8920205628863487	2.799918947993123
ENSG00000197747	3.7569408990133732	3.106889819777122	2.987798134777312	2.950043661447419	3.2098447780044137	3.0665558269941746	3.117639790180549	3.0368901746160386	3.137239272047576	2.99388382226452	2.93501482564717	3.0219481156848835
ENSG00000115268	3.2496218265358645	3.0490575387640186	3.108094454033991	3.0140657935600914	2.94877572514346	3.00641023196012	2.8022548112557626	2.9904963309355543	3.0226204057163093	2.9035703887086153	2.8238510755546025	3.086207846769472
ENSG00000143321	3.398215828874764	3.0290122080796023	2.7404401955421145	2.7824877707530127	3.0000810398917466	2.964204533390297	2.670327109757248	3.0812267228019974	2.9812962242512437	3.1346206340380967	2.8470944229269297	3.1268625299428385
ENSG00000127184	3.380805008998033	2.8994893135385644	2.9693677626345623	2.950043661447419	2.9130489003700903	2.8973555755653986	2.9618482827134334	3.059304144774305	2.845969245305376	2.8551585765484395	2.9762365298572915	3.1268625299428385
ENSG00000117525	2.2257252341420184	2.8994893135385644	3.41279496544952	3.3152236396926016	3.312516997210248	3.141505677503139	3.2985944284406763	3.0812267228019974	3.081571126308872	3.3970413049301937	3.27133675413643	3.106741774537804
ENSG00000169567	3.6947604235978653	2.827840146677328	2.9693677626345623	3.0545778266212573	3.1252710513649498	2.8973555755653986	3.023148865530787	2.8087297416968893	2.770754692284968	2.6940405281771143	2.7756780048944165	2.7719071673595916
ENSG00000237550	2.331436917435831	3.0879815901538867	3.0751749807634305	3.034526949165788	3.236517897954084	3.141505677503139	2.873791339151464	3.0812267228019974	3.042659269045408	2.8551585765484395	2.9558380663277513	3.274728477011557
ENSG00000108107	2.427034324518692	3.008556828537073	2.6160868313177863	2.5152239405161234	2.7343083631181453	2.964204533390297	2.9405502644153034	2.916601844291516	2.9381904682658257	2.7227613818077376	2.7756780048944165	2.5501943451663167
ENSG00000110700	3.345046689727698	2.8994893135385644	3.0917701727476015	3.1671090267303263	3.0000810398917466	3.0858264738183587	3.023148865530787	2.8368081454565237	2.845969245305376	2.97205856806871	3.1259785731941063	2.799918947993123
ENSG00000185641	3.5864544523813366	2.8994893135385644	3.023670115342142	3.0935123362048764	2.856945059405881	3.3226410838179823	2.9405502644153034	3.259503629813543	3.172701025854223	3.115687953414274	3.2408116828773545	3.0652434215651727
ENSG00000108602	3.8814839603862112	2.1442685008685056	2.1098376085379833	1.6507489232936088	2.237679941796608	2.0390589173447244	2.213567965020089	1.6585137185970964	2.0880901491160686	2.307627738230357	1.7496302400106518	1.6268722564839089
ENSG00000167526	3.0985935406573017	3.008556828537073	3.005894966309945	2.950043661447419	3.0646338350200284	3.0268633521916586	3.3987430923946818	3.0368901746160386	3.1551273327130294	3.2412550869100096	2.93501482564717	3.086207846769472
ENSG00000189159	3.0750281077322423	3.262675146125228	2.8298656460994382	3.2356585759234666	3.080141315524916	3.1942475376942854	2.9618482827134334	2.9418449375315827	2.796459942877294	2.83004443729166	3.2251924664789047	2.9047224270710736
ENSG00000087086	3.7075096815406914	2.237844480489275	2.6925380882358243	2.61246711898006	2.594501732522419	2.437358404176848	2.9618482827134334	2.5864180646632224	2.8931425745214736	2.602569961957605	2.6439956112558414	2.9292927217959916
ENSG00000158710	2.974786504736343	2.8994893135385644	2.931455572862228	2.7824877707530127	3.1104529579456317	2.9424143305874972	2.8022548112557626	2.8368081454565237	3.223641760830621	3.076712086555426	2.8238510755546025	2.9292927217959916
ENSG00000089157	3.1661305081352205	3.0687089377266483	3.2298996992888203	3.0140657935600914	3.2752392567819144	3.2764036126050398	3.2985944284406763	3.0812267228019974	3.1190253915364217	3.153201518399693	3.10844195543671	3.0438300607657625
ENSG00000161970	2.3803775442782653	3.1254471528256595	3.2008108854102653	3.252086104039188	3.168451737751099	3.0665558269941746	3.2365152171057066	3.164405522177318	3.390938537857325	3.076712086555426	3.256190686482147	2.999576618766616
ENSG00000197958	3.121616405280421	3.1436663761529418	3.0411348186393807	2.950043661447419	3.1398727712338217	3.0268633521916586	3.0620230526422567	2.9904963309355543	3.1190253915364217	3.0152428912409377	3.143212950649651	3.0219481156848835
ENSG00000109971	2.974786504736343	3.0687089377266483	2.9693677626345623	3.1671090267303263	3.0328782299611916	3.123288246525625	3.187288239616572	3.27748426055309	3.0623044523171936	3.2579722094989503	3.384893576836812	3.146586412800304
ENSG00000198431	3.628455670414186	2.575737349415911	2.5333033333053905	2.5487000938625117	2.6668462973521585	2.6050076133284232	2.5506189826556342	2.30012091338035	2.7443712093217782	2.307627738230357	2.351846621772724	2.51409142634444
ENSG00000154582	2.331436917435831	3.1615595901617013	3.2581662173433354	2.857758776434302	3.1398727712338217	3.4228765812742665	3.2039679414615314	3.0368901746160386	2.8931425745214736	3.4254845117166277	3.2862568369513565	3.0219481156848835
ENSG00000131469	2.7379547891454257	2.9663463191382005	2.931455572862228	2.9049654038910013	3.3366185273787474	3.123288246525625	3.2680364739989205	2.4329600851712296	3.1551273327130294	3.153201518399693	2.913748739800992	2.9766931628443603
ENSG00000164032	3.121616405280421	3.1436663761529418	3.023670115342142	3.2998090287685744	2.894695147747345	3.381142425123437	2.98270213876476	2.916601844291516	3.0623044523171936	3.0152428912409377	2.913748739800992	3.086207846769472
ENSG00000105372	3.4321536261610626	3.0879815901538867	3.0917701727476015	2.971842984835453	3.0646338350200284	3.2605035097703694	3.4772614562586512	2.9418449375315827	2.95997559155357	3.274414458696368	3.10844195543671	3.1659287770029594
ENSG00000173812	3.3630856730227805	2.9445535519423123	2.8510260681355715	2.857758776434302	2.931071855023065	3.0268633521916586	2.9405502644153034	2.916601844291516	3.172701025854223	2.97205856806871	2.9762365298572915	3.146586412800304
ENSG00000186468	3.4967578391195566	2.7506584248691976	2.7404401955421145	2.9049654038910013	3.080141315524916	3.046906513235764	2.9405502644153034	2.719429616963512	3.042659269045408	3.0963898977413664	2.9762365298572915	3.1659287770029594
ENSG00000149273	3.3630856730227805	3.3248179347433537	3.1859428896479582	3.1671090267303263	3.1252710513649498	3.00641023196012	3.170325599318	3.1442504167167367	2.9812962242512437	3.2069583490583877	3.2251924664789047	2.9532737662582784
ENSG00000119705	2.4716109427872204	2.723548118524086	3.023670115342142	2.857758776434302	2.9661716128236284	2.9201387180356875	2.8022548112557626	2.687798325571064	3.1004736014220438	2.6339990281248493	3.0539077717484235	2.3972343779226857
ENSG00000106366	2.0427009719032965	1.5619054348146768	2.0178602110045967	2.3286365883076603	2.2012941668972243	2.3213715932852654	2.2988911735497117	2.146892449919592	2.3173505810482693	1.5849010865274713	2.273451942724104	2.216577440434282
ENSG00000106153	2.4716109427872204	2.7770531202653848	3.005894966309945	3.1309875878267808	3.1252710513649498	3.0268633521916586	3.2985944284406763	3.164405522177318	2.95997559155357	3.2412550869100096	3.143212950649651	3.184904102326432
ENSG00000005022	3.187665892579375	3.008556828537073	2.8298656460994382	3.0742345564503992	2.797505504255811	2.9201387180356875	3.0031299804235325	2.719429616963512	3.1004736014220438	3.171443442112161	2.8920205628863487	3.184904102326432
ENSG00000229344	2.8026248278392147	3.397430772480172	3.0582997342885965	3.1309875878267808	3.2098447780044137	3.211227604029944	3.0809077502437887	3.102678993324027	3.0226204057163093	3.171443442112161	3.329726194160737	3.2035260595482007
ENSG00000142864	2.168360193484125	3.106889819777122	3.155526827143221	3.034526949165788	3.262498007312263	3.2443465033727112	2.9618482827134334	3.102678993324027	3.2069481921652514	3.0566392733395205	3.3576902672801445	2.879533193533096
ENSG00000132475	3.187665892579375	3.262675146125228	3.1241565277812886	3.0545778266212573	2.8177138049582915	2.748544656607301	3.252400039115397	2.864119637118169	3.137239272047576	3.3065094851779486	2.9558380663277513	3.086207846769472
ENSG00000115310	3.307962142842455	2.6375071041031664	2.7404401955421145	2.9277585173287863	3.016614085860233	2.964204533390297	2.8266733657082166	2.621366007236285	2.8931425745214736	2.6940405281771143	3.1601553296456038	3.086207846769472
ENSG00000136238	3.2293933721603025	2.475280235878329	2.987798134777312	2.881640622511081	2.8759982266466433	3.046906513235764	2.5183106919722986	2.621366007236285	2.433289375878376	2.804283294218852	2.8920205628863487	2.827167402349966
ENSG00000130726	2.279977295855909	2.8761720379097335	2.9505913237560435	2.881640622511081	2.8375218062615337	2.964204533390297	2.8505098396901722	2.9904963309355543	3.081571126308872	3.0361552745533733	3.0539077717484235	2.799918947993123
ENSG00000108953	2.3803775442782653	2.7506584248691976	2.763557374384052	2.581091799515256	2.9130489003700903	2.964204533390297	3.117639790180549	3.059304144774305	2.95997559155357	3.171443442112161	2.9962272005623616	3.239760857488392
ENSG00000136938	2.9206270209924448	2.827840146677328	2.931455572862228	2.8082127943534347	2.7768803905771398	2.573651184717234	2.8022548112557626	2.8368081454565237	2.845969245305376	2.7227613818077376	2.52453981912366	2.310979989596351
ENSG00000155506	3.380805008998033	2.9445535519423123	3.1708504960454515	2.881640622511081	3.168451737751099	2.664916523426226	2.98270213876476	2.8907049989571707	2.689419424036084	2.3899099578838325	3.20932541403636	2.879533193533096
ENSG00000218227	2.8924060551179265	3.008556828537073	2.786152201823179	2.9931772183434124	3.1542643456841084	3.0665558269941746	3.1530702556929637	3.0368901746160386	3.0623044523171936	2.804283294218852	2.8920205628863487	3.0652434215651727
ENSG00000262902	3.2293933721603025	3.0879815901538867	3.0751749807634305	2.8332926045557967	3.016614085860233	3.366834801308088	3.2039679414615314	3.102678993324027	2.9812962242512437	2.87965741696848	3.2251924664789047	3.184904102326432
ENSG00000111716	2.9206270209924448	2.9445535519423123	2.8298656460994382	3.4030316424562885	3.1542643456841084	3.1047327729669987	2.8022548112557626	3.0368901746160386	3.081571126308872	3.0963898977413664	2.8698097664484017	2.999576618766616
ENSG00000108821	3.4967578391195566	2.1442685008685056	2.1940631569040283	2.099060029191104	2.08344767110224	1.5601212939224225	2.120279832665388	2.0901135251698286	2.0880901491160686	2.119459868950941	1.8162105650922196	1.035622954517368
ENSG00000132341	2.9206270209924448	2.9876742731934423	2.8510260681355715	2.9931772183434124	2.983270050627511	3.00641023196012	3.023148865530787	2.8368081454565237	3.042659269045408	3.0361552745533733	3.0158260640491994	2.9292927217959916
ENSG00000188846	2.6323604217819225	2.922275259461573	3.005894966309945	2.8332926045557967	2.856945059405881	3.00641023196012	2.698141833108658	2.719429616963512	3.0021717607936926	2.777840926868859	2.8698097664484017	3.221807569613337
ENSG00000225630	2.331436917435831	3.4519486496968588	3.1859428896479582	2.8332926045557967	2.9661716128236284	2.8973555755653986	2.7515526496981417	2.9904963309355543	3.0021717607936926	3.076712086555426	3.0350481840037413	3.0652434215651727
ENSG00000026508	3.527559356278388	1.9258785509174619	2.5892466434409602	2.581091799515256	2.594501732522419	2.235827458702224	2.7252037884422164	2.7798401083113946	2.46912946878017	2.2638000906198137	2.3134173013234056	2.310979989596351
ENSG00000163466	2.974786504736343	2.8027690140832524	2.763557374384052	2.857758776434302	2.94877572514346	2.748544656607301	2.873791339151464	3.013962277241641	2.8698340494989254	2.83004443729166	2.7506923203682128	2.879533193533096
ENSG00000114391	2.427034324518692	2.8522980603410737	2.9119464893927844	2.7560834571115813	3.0646338350200284	2.9424143305874972	2.918788751107351	3.0368901746160386	3.081571126308872	2.9269248596533837	2.8238510755546025	3.086207846769472
ENSG00000197061	2.8026248278392147	2.7770531202653848	3.2298996992888203	3.0742345564503992	3.1398727712338217	2.9201387180356875	3.170325599318	2.8907049989571707	2.8215209591818984	2.9497463237060035	2.7506923203682128	2.9047224270710736
ENSG00000131747	3.0508939151555654	2.8522980603410737	3.0751749807634305	3.0140657935600914	2.6898430588731803	2.8006479133077216	2.6417165385060017	2.621366007236285	3.0021717607936926	2.83004443729166	2.8470944229269297	2.8536930307952515
ENSG00000166598	2.974786504736343	2.723548118524086	2.9119464893927844	2.971842984835453	2.8177138049582915	2.8006479133077216	2.4503832457804466	2.719429616963512	2.9159201640394112	2.7227613818077376	2.67175589490944	2.9532737662582784
ENSG00000153187	3.398215828874764	2.475280235878329	2.5333033333053905	2.7824877707530127	2.61920270159852	2.748544656607301	2.5183106919722986	2.719429616963512	2.95997559155357	2.7506803259476897	2.586050366440419	2.9292927217959916
ENSG00000174444	2.948073374270822	2.7770531202653848	2.892049215794925	2.8332926045557967	2.8177138049582915	2.664916523426226	3.0994424160762195	2.687798325571064	2.845969245305376	3.076712086555426	2.913748739800992	2.879533193533096
ENSG00000166441	2.7379547891454257	2.7770531202653848	2.808247763097304	2.881640622511081	2.8375218062615337	2.541279613375632	2.7515526496981417	2.6551337216067528	2.9159201640394112	2.8551585765484395	2.52453981912366	2.799918947993123
ENSG00000161011	3.398215828874764	1.9258785509174619	2.1940631569040283	2.0460669372715405	2.3712725232030567	2.3615473185118185	2.2571392996209028	1.7446484179660615	2.3173505810482693	2.119459868950941	1.8162105650922196	2.51409142634444
ENSG00000242071	3.0985935406573017	2.9445535519423123	2.892049215794925	3.0742345564503992	3.0000810398917466	3.211227604029944	3.0031299804235325	2.6551337216067528	3.1551273327130294	3.0152428912409377	2.7756780048944165	2.879533193533096
ENSG00000187109	2.948073374270822	2.8994893135385644	2.763557374384052	2.6724105143736083	2.9661716128236284	2.8257156519504147	2.5506189826556342	2.7798401083113946	2.8215209591818984	2.99388382226452	2.6154426365680328	2.5501943451663167
ENSG00000008394	3.4809938416330906	2.723548118524086	2.987798134777312	2.7010864788227886	2.7123228360482607	2.541279613375632	2.5819160339040934	2.6551337216067528	2.600878318353956	2.6940405281771143	2.6987663147922025	2.999576618766616
ENSG00000135506	0.9356174748518672	2.5098994237939567	2.9693677626345623	2.7824877707530127	2.94877572514346	2.8501703356562453	3.252400039115397	2.9418449375315827	3.1004736014220438	2.97205856806871	2.7506923203682128	2.8536930307952515
ENSG00000138668	3.2496218265358645	3.1254471528256595	2.5892466434409602	2.61246711898006	2.983270050627511	3.1593971627304382	2.896543119665121	3.3125037449766257	2.9812962242512437	2.6339990281248493	3.143212950649651	2.999576618766616
ENSG00000102317	3.0750281077322423	2.6670176938547527	2.4430431257945706	2.9049654038910013	2.6668462973521585	2.8973555755653986	2.777225034711668	3.0812267228019974	2.2755117012436177	2.5018823743265663	2.3134173013234056	2.799918947993123
ENSG00000165119	3.0008045709488727	2.2815413039138037	2.7404401955421145	2.61246711898006	2.61920270159852	2.8006479133077216	3.023148865530787	2.621366007236285	2.56953240758942	2.6644703331963657	2.8470944229269297	2.4766361088478366
ENSG00000243859	2.1075030654526383	2.607099088779856	3.215461058507272	3.1309875878267808	2.856945059405881	3.0268633521916586	3.117639790180549	2.9664664748185525	3.1190253915364217	3.0566392733395205	2.9962272005623616	2.7719071673595916
ENSG00000117450	3.345046689727698	2.7770531202653848	2.7404401955421145	2.8082127943534347	2.6668462973521585	2.774935590249597	3.0620230526422567	2.621366007236285	2.8698340494989254	2.6339990281248493	2.7756780048944165	2.682831771999989
ENSG00000219928	2.8633654801957547	2.7506584248691976	2.931455572862228	2.5487000938625117	2.7343083631181453	2.774935590249597	2.7515526496981417	2.8368081454565237	2.5037293698610474	2.777840926868859	2.8238510755546025	3.1659287770029594
ENSG00000150687	2.7708124941572883	2.5433601178299035	2.5333033333053905	3.0545778266212573	2.4609213933648286	2.693576707113212	2.612263232158015	2.7798401083113946	2.631271452993313	2.9497463237060035	2.52453981912366	2.7430880578430834
ENSG00000104904	3.1661305081352205	2.5433601178299035	2.642225413715216	2.7824877707530127	2.516512410881995	2.8257156519504147	2.98270213876476	2.7500909717211823	2.770754692284968	2.97205856806871	2.6439956112558414	2.1123251335497333
ENSG00000119335	3.2293933721603025	2.8994893135385644	2.892049215794925	2.7824877707530127	2.8375218062615337	2.7214383187552693	3.0427748474962257	2.687798325571064	2.46912946878017	2.7506803259476897	2.8238510755546025	2.618710534352989
ENSG00000100345	2.974786504736343	2.6375071041031664	2.786152201823179	2.7010864788227886	2.5431904054803636	2.541279613375632	2.918788751107351	2.8087297416968893	2.9812962242512437	2.97205856806871	2.4245398330208157	2.799918947993123
ENSG00000170421	2.7379547891454257	2.7506584248691976	2.642225413715216	2.9049654038910013	2.8759982266466433	2.774935590249597	2.873791339151464	2.8907049989571707	2.46912946878017	2.9269248596533837	2.6439956112558414	2.799918947993123
ENSG00000075415	2.555212259898904	2.607099088779856	2.8298656460994382	2.581091799515256	2.594501732522419	2.6354106359909837	2.5506189826556342	2.9904963309355543	2.9159201640394112	2.5701209675211403	2.8000545927720357	2.7719071673595916
ENSG00000110958	3.2087472644005017	2.7770531202653848	2.6676981382593183	2.7560834571115813	2.7768803905771398	2.774935590249597	2.7515526496981417	2.6551337216067528	2.7172727315341447	2.87965741696848	2.6154426365680328	2.51409142634444
ENSG00000213585	3.121616405280421	2.7770531202653848	2.808247763097304	2.7010864788227886	2.856945059405881	2.985530031274556	2.7515526496981417	3.164405522177318	2.8698340494989254	2.777840926868859	2.8920205628863487	2.9292927217959916
ENSG00000110321	3.026162828072709	2.575737349415911	2.642225413715216	2.407495785414708	2.797505504255811	2.235827458702224	2.3389694701390287	2.390611197387861	2.46912946878017	2.428644016905265	2.3888536198814205	2.7430880578430834
ENSG00000181163	3.121616405280421	3.0879815901538867	3.0411348186393807	2.9277585173287863	3.016614085860233	3.1047327729669987	3.117639790180549	2.9418449375315827	2.8698340494989254	2.8551585765484395	2.8920205628863487	2.799918947993123
ENSG00000117523	2.8924060551179265	2.6375071041031664	2.7404401955421145	2.7010864788227886	3.048882079501153	2.6354106359909837	2.896543119665121	3.013962277241641	2.689419424036084	2.6339990281248493	3.1768154400967985	2.879533193533096
ENSG00000169100	3.464977354978879	2.575737349415911	2.8510260681355715	2.857758776434302	2.931071855023065	2.6050076133284232	2.41460701443002	3.123680712372237	2.2755117012436177	2.7506803259476897	2.586050366440419	2.999576618766616
ENSG00000008018	3.4967578391195566	2.6375071041031664	2.1098376085379833	2.286745295574031	2.8177138049582915	2.8006479133077216	2.6417165385060017	2.621366007236285	2.56953240758942	2.7506803259476897	2.6439956112558414	2.9532737662582784
ENSG00000270906	2.427034324518692	3.0290122080796023	2.5892466434409602	3.149211393206245	3.1398727712338217	3.1047327729669987	2.98270213876476	3.102678993324027	3.081571126308872	3.171443442112161	2.6154426365680328	2.5850391335367315
ENSG00000167642	2.8633654801957547	3.008556828537073	2.6676981382593183	3.1124255010547857	2.894695147747345	3.046906513235764	2.612263232158015	2.916601844291516	2.56953240758942	3.0152428912409377	2.913748739800992	2.799918947993123
ENSG00000130402	3.269449190577127	2.723548118524086	2.892049215794925	3.218956670513696	2.8177138049582915	2.7214383187552693	2.8266733657082166	2.7798401083113946	2.95997559155357	3.076712086555426	2.8000545927720357	2.999576618766616
ENSG00000221983	2.6323604217819225	2.1921506495547103	2.4430431257945706	2.642887900778712	2.431922339312085	2.3213715932852654	1.9616744205433836	2.4329600851712296	2.433289375878376	2.3899099578838325	2.4245398330208157	2.310979989596351
ENSG00000176340	3.0985935406573017	2.827840146677328	2.6160868313177863	2.61246711898006	2.4020571608270838	2.874041235654764	2.7252037884422164	2.8087297416968893	2.600878318353956	2.7227613818077376	2.8000545927720357	2.8536930307952515
ENSG00000108424	2.7379547891454257	3.008556828537073	3.0582997342885965	2.6724105143736083	3.016614085860233	2.748544656607301	2.777225034711668	3.3628356692952823	2.396116868957499	2.99388382226452	2.8920205628863487	2.8536930307952515
ENSG00000206503	3.288891061188993	2.1442685008685056	1.9684913574756928	1.9901076571788558	2.1635343131468123	1.6442468774041343	2.2571392996209028	1.8974199068375748	2.0880901491160686	1.8199816233705437	1.9373873701933304	2.1123251335497333
ENSG00000099783	2.8334562614958463	2.6375071041031664	2.786152201823179	2.7289630037803705	3.0328782299611916	2.7214383187552693	2.7252037884422164	2.7500909717211823	2.56953240758942	2.6644703331963657	2.3888536198814205	2.6512850067949514
ENSG00000122565	2.948073374270822	2.723548118524086	2.892049215794925	2.7560834571115813	2.7558209069320787	2.964204533390297	2.670327109757248	2.029915656511282	3.0623044523171936	2.804283294218852	2.7756780048944165	2.8536930307952515
ENSG00000156508	3.0985935406573017	2.7506584248691976	2.7404401955421145	2.7824877707530127	2.9661716128236284	2.6050076133284232	2.8266733657082166	2.864119637118169	2.7443712093217782	2.9497463237060035	2.8698097664484017	2.999576618766616
ENSG00000044574	2.8924060551179265	2.475280235878329	2.642225413715216	2.8332926045557967	2.8177138049582915	2.6050076133284232	2.3389694701390287	2.8368081454565237	2.8698340494989254	2.9497463237060035	2.8000545927720357	2.618710534352989
ENSG00000147889	1.529059577974396	3.008556828537073	2.5616661441131936	2.5487000938625117	2.8375218062615337	3.0858264738183587	2.612263232158015	2.7798401083113946	2.600878318353956	2.99388382226452	2.9558380663277513	3.0652434215651727
ENSG00000198668	3.1441211244298333	2.5098994237939567	2.642225413715216	2.44470965875952	2.8375218062615337	2.573651184717234	2.670327109757248	3.0368901746160386	2.796459942877294	2.7506803259476897	2.7506923203682128	2.6512850067949514
ENSG00000234851	2.8633654801957547	2.4394194481713662	2.5333033333053905	2.2430221021591006	2.7768803905771398	2.4732122481056007	2.612263232158015	2.512629859981917	2.7443712093217782	2.6940405281771143	1.9928801084548275	2.7134136987754056
ENSG00000126777	2.8026248278392147	2.4394194481713662	2.4430431257945706	2.61246711898006	2.7558209069320787	2.4732122481056007	2.120279832665388	2.621366007236285	2.357509040624609	2.349614904885016	2.586050366440419	2.1123251335497333
ENSG00000171863	1.73101115192823	2.607099088779856	2.6925380882358243	2.857758776434302	2.9130489003700903	2.774935590249597	3.0427748474962257	2.6551337216067528	3.1004736014220438	2.6644703331963657	2.9558380663277513	2.879533193533096
ENSG00000144713	2.594530136271819	2.6375071041031664	2.1528368636152817	2.61246711898006	2.431922339312085	2.748544656607301	2.2988911735497117	2.4329600851712296	2.7443712093217782	2.777840926868859	2.6987663147922025	2.51409142634444
ENSG00000170515	2.6688115906970507	2.323408389754157	2.642225413715216	2.4805882039041935	2.4891031475459164	2.4732122481056007	2.698141833108658	2.621366007236285	2.770754692284968	2.6940405281771143	2.9762365298572915	2.5501943451663167
ENSG00000063177	2.7708124941572883	2.922275259461573	2.6925380882358243	2.9277585173287863	2.797505504255811	3.0665558269941746	2.6417165385060017	2.9418449375315827	2.631271452993313	2.83004443729166	2.8470944229269297	2.7719071673595916
ENSG00000169564	3.1441211244298333	2.7506584248691976	2.786152201823179	2.7560834571115813	2.594501732522419	2.664916523426226	2.5819160339040934	2.512629859981917	2.689419424036084	2.6644703331963657	2.913748739800992	2.7430880578430834
ENSG00000124172	2.594530136271819	2.827840146677328	2.9505913237560435	2.7010864788227886	2.7768803905771398	2.573651184717234	2.896543119665121	2.864119637118169	2.9812962242512437	2.9269248596533837	2.93501482564717	2.4377231158084465
ENSG00000196531	2.7039806686546064	2.7506584248691976	2.6676981382593183	2.7824877707530127	2.3712725232030567	2.874041235654764	2.8505098396901722	2.864119637118169	2.95997559155357	2.169923898717641	2.8238510755546025	2.6512850067949514
ENSG00000009307	2.7039806686546064	2.9876742731934423	3.0411348186393807	2.7824877707530127	2.6433082116704965	2.541279613375632	2.896543119665121	2.7500909717211823	2.8698340494989254	2.9035703887086153	2.93501482564717	2.5850391335367315
ENSG00000237973	3.1441211244298333	2.922275259461573	2.8510260681355715	2.8332926045557967	2.8759982266466433	2.9424143305874972	2.777225034711668	2.7500909717211823	2.8931425745214736	2.7506803259476897	3.0539077717484235	2.9532737662582784
ENSG00000283429	2.8633654801957547	2.827840146677328	2.808247763097304	2.9277585173287863	2.594501732522419	2.8501703356562453	2.7515526496981417	2.4329600851712296	2.433289375878376	2.83004443729166	2.6439956112558414	2.4766361088478366
ENSG00000125868	2.555212259898904	2.607099088779856	2.5333033333053905	2.7824877707530127	2.4891031475459164	2.4732122481056007	2.8266733657082166	2.7798401083113946	2.7443712093217782	2.8551585765484395	2.351846621772724	2.1658092401381523
ENSG00000161016	3.2496218265358645	2.6670176938547527	2.5333033333053905	2.5152239405161234	2.856945059405881	2.5078249647487114	2.5819160339040934	2.6551337216067528	2.56953240758942	2.6940405281771143	2.8470944229269297	2.5850391335367315
ENSG00000006327	3.0750281077322423	2.5433601178299035	2.8510260681355715	2.8332926045557967	2.6668462973521585	2.774935590249597	2.8022548112557626	3.0368901746160386	2.631271452993313	2.83004443729166	2.6154426365680328	2.9766931628443603
ENSG00000235297	3.1441211244298333	2.475280235878329	2.6160868313177863	2.368843332143108	2.7768803905771398	2.400171104458856	2.6417165385060017	2.8087297416968893	2.537172046072884	2.307627738230357	2.6439956112558414	2.7719071673595916
ENSG00000140416	2.331436917435831	2.5433601178299035	2.786152201823179	2.642887900778712	2.7768803905771398	2.1422751328062524	2.6417165385060017	2.512629859981917	2.770754692284968	2.7506803259476897	2.8238510755546025	2.799918947993123
ENSG00000196924	2.8334562614958463	2.323408389754157	2.6676981382593183	2.61246711898006	2.8177138049582915	2.8501703356562453	2.873791339151464	2.719429616963512	2.537172046072884	2.5365836212265225	2.7756780048944165	2.799918947993123
ENSG00000172115	2.594530136271819	2.6956823141251838	2.5616661441131936	2.61246711898006	2.6433082116704965	2.3213715932852654	2.6417165385060017	2.8087297416968893	2.8931425745214736	2.804283294218852	2.7756780048944165	2.9532737662582784
ENSG00000143761	3.026162828072709	2.6956823141251838	2.5333033333053905	2.61246711898006	2.8759982266466433	2.6050076133284232	2.4849236252669216	2.550204395372618	2.8931425745214736	2.349614904885016	2.7756780048944165	2.216577440434282
ENSG00000164924	2.7708124941572883	2.922275259461573	2.6160868313177863	2.6724105143736083	2.7768803905771398	2.6354106359909837	2.9405502644153034	2.621366007236285	2.5037293698610474	2.7506803259476897	2.8470944229269297	2.7134136987754056
ENSG00000131236	2.7379547891454257	2.6956823141251838	2.716775940955567	2.7010864788227886	2.9130489003700903	2.8257156519504147	2.777225034711668	2.550204395372618	2.660768027301299	2.5701209675211403	2.52453981912366	2.3972343779226857
ENSG00000111669	2.6323604217819225	2.8761720379097335	2.763557374384052	2.857758776434302	2.6433082116704965	2.8006479133077216	2.8266733657082166	2.6551337216067528	2.845969245305376	2.7506803259476897	2.725066318478856	2.799918947993123
ENSG00000011304	2.8924060551179265	2.4394194481713662	2.2336569238955413	2.44470965875952	2.594501732522419	2.6354106359909837	3.22037398908338	2.687798325571064	2.8215209591818984	2.307627738230357	2.5557679616712456	2.216577440434282
ENSG00000164111	3.2293933721603025	2.4394194481713662	2.474043940624811	2.407495785414708	2.4891031475459164	2.279513972092734	2.41460701443002	2.2006200062055243	2.56953240758942	2.119459868950941	2.3888536198814205	2.6512850067949514
ENSG00000145741	3.345046689727698	2.4394194481713662	2.5892466434409602	2.8332926045557967	2.61920270159852	2.5078249647487114	2.9618482827134334	2.550204395372618	2.631271452993313	2.83004443729166	2.6154426365680328	2.6512850067949514
ENSG00000118181	3.0008045709488727	2.607099088779856	2.343820365390428	2.7010864788227886	2.6433082116704965	2.6354106359909837	2.2988911735497117	2.390611197387861	2.537172046072884	2.5365836212265225	2.9558380663277513	2.5501943451663167
ENSG00000147403	2.6688115906970507	2.5433601178299035	2.6925380882358243	2.368843332143108	3.048882079501153	2.748544656607301	2.8266733657082166	2.621366007236285	2.9381904682658257	2.7227613818077376	2.7756780048944165	2.799918947993123
ENSG00000106803	3.0008045709488727	2.5433601178299035	2.4430431257945706	2.581091799515256	2.431922339312085	2.1901449017481576	2.213567965020089	2.8087297416968893	2.537172046072884	2.307627738230357	2.458996299356103	2.7719071673595916
ENSG00000142089	2.948073374270822	2.323408389754157	2.1098376085379833	1.9901076571788558	2.08344767110224	2.5078249647487114	1.7730827102468585	2.146892449919592	2.035180911127351	2.0663132469945737	2.1429739875864717	1.9959256340365652
ENSG00000150991	3.269449190577127	2.0410234871355173	2.504112532204275	2.368843332143108	2.306705447766514	2.4732122481056007	2.4503832457804466	2.251607503432565	2.3173505810482693	2.6644703331963657	2.5557679616712456	2.4377231158084465
ENSG00000100097	2.1075030654526383	2.4022246784579435	2.4430431257945706	2.581091799515256	2.61920270159852	2.400171104458856	2.2571392996209028	2.512629859981917	2.3173505810482693	2.428644016905265	2.351846621772724	2.1658092401381523
ENSG00000181524	2.2257252341420184	2.6375071041031664	2.892049215794925	2.7824877707530127	2.8177138049582915	2.8973555755653986	2.5506189826556342	2.3463892677860945	2.7172727315341447	2.5365836212265225	2.8000545927720357	2.3972343779226857
ENSG00000103187	2.555212259898904	2.2815413039138037	2.1528368636152817	2.5152239405161234	2.2727881416458215	2.437358404176848	2.4849236252669216	2.2006200062055243	2.357509040624609	2.2179631828300197	2.458996299356103	2.1658092401381523
ENSG00000204525	3.187665892579375	1.7236961783460336	1.6767490556097042	1.6507489232936088	1.5440431161480803	1.1277032533786588	1.6241589288720881	1.6585137185970964	1.1246897780800145	1.5849010865274713	1.601485584243605	1.9322163167134605
ENSG00000111057	1.6351247798243675	2.827840146677328	2.8298656460994382	2.950043661447419	2.8375218062615337	2.8501703356562453	2.873791339151464	2.916601844291516	2.9812962242512437	2.97205856806871	2.8238510755546025	2.7430880578430834
ENSG00000088832	1.9734067897125136	2.6375071041031664	2.474043940624811	2.286745295574031	2.569175139439375	2.437358404176848	2.2571392996209028	2.7500909717211823	2.796459942877294	2.6644703331963657	2.095402592611169	2.51409142634444
ENSG00000131143	2.8026248278392147	2.575737349415911	2.474043940624811	2.5152239405161234	2.569175139439375	2.400171104458856	2.6417165385060017	3.059304144774305	2.357509040624609	2.3899099578838325	2.52453981912366	2.7430880578430834
ENSG00000089280	2.8026248278392147	2.575737349415911	2.6676981382593183	2.61246711898006	2.5431904054803636	2.6354106359909837	2.6417165385060017	2.512629859981917	2.46912946878017	2.6339990281248493	2.1429739875864717	2.2648922817713477
ENSG00000140264	2.948073374270822	2.323408389754157	2.3780002761768846	2.286745295574031	2.569175139439375	2.5078249647487114	2.777225034711668	2.390611197387861	2.660768027301299	2.6940405281771143	2.725066318478856	2.5850391335367315
ENSG00000182774	2.948073374270822	2.237844480489275	2.5333033333053905	2.581091799515256	2.6433082116704965	2.4732122481056007	2.698141833108658	2.7500909717211823	2.433289375878376	2.2638000906198137	2.6439956112558414	2.618710534352989
ENSG00000113739	3.1661305081352205	2.1921506495547103	2.716775940955567	2.407495785414708	2.1242925117363263	2.235827458702224	2.5819160339040934	2.621366007236285	2.186185368429446	2.010182736337264	2.23182262274412	2.7430880578430834
ENSG00000102172	2.1075030654526383	2.475280235878329	2.763557374384052	2.61246711898006	2.8177138049582915	2.541279613375632	2.5506189826556342	2.550204395372618	2.660768027301299	2.5701209675211403	2.6439956112558414	2.355036873054606
ENSG00000173113	2.9206270209924448	2.475280235878329	2.5616661441131936	2.6724105143736083	2.3712725232030567	2.1422751328062524	2.3775032016426167	2.7500909717211823	2.2318456026278404	2.6339990281248493	2.4923049572694453	2.310979989596351
ENSG00000117724	2.6323604217819225	2.1921506495547103	2.474043940624811	1.9308303442918862	2.2727881416458215	2.3213715932852654	2.41460701443002	2.687798325571064	2.3173505810482693	2.307627738230357	2.6154426365680328	2.799918947993123
ENSG00000123689	2.0427009719032965	2.6670176938547527	2.6925380882358243	2.5152239405161234	2.7768803905771398	3.00641023196012	2.777225034711668	3.059304144774305	2.631271452993313	2.804283294218852	2.351846621772724	2.827167402349966
ENSG00000139644	2.8026248278392147	2.5433601178299035	2.474043940624811	2.2430221021591006	2.306705447766514	2.748544656607301	2.41460701443002	2.473588171959938	2.56953240758942	2.2179631828300197	2.458996299356103	2.5501943451663167
ENSG00000170889	2.8026248278392147	2.575737349415911	2.9119464893927844	2.642887900778712	2.594501732522419	2.573651184717234	2.8505098396901722	2.550204395372618	2.2318456026278404	2.3899099578838325	2.8920205628863487	2.5501943451663167
ENSG00000245910	2.1075030654526383	2.723548118524086	2.716775940955567	2.6724105143736083	2.7123228360482607	2.573651184717234	2.777225034711668	2.621366007236285	2.600878318353956	2.6940405281771143	2.4923049572694453	2.310979989596351
ENSG00000062716	3.0008045709488727	2.723548118524086	2.504112532204275	2.2430221021591006	2.1635343131468123	2.0919981327465735	2.4503832457804466	2.719429616963512	2.2755117012436177	2.5365836212265225	2.1429739875864717	2.4377231158084465
ENSG00000158417	2.279977295855909	2.6956823141251838	2.6160868313177863	2.5152239405161234	2.7123228360482607	2.400171104458856	2.4503832457804466	2.687798325571064	2.2755117012436177	2.8551585765484395	2.52453981912366	2.7719071673595916
ENSG00000088247	2.6688115906970507	2.607099088779856	2.3084307176663823	2.61246711898006	2.1635343131468123	2.5078249647487114	2.612263232158015	2.512629859981917	2.357509040624609	2.5365836212265225	2.4245398330208157	2.8536930307952515
ENSG00000088986	2.7379547891454257	2.723548118524086	2.3780002761768846	2.4805882039041935	2.569175139439375	2.6050076133284232	2.670327109757248	2.30012091338035	2.56953240758942	2.5701209675211403	2.4923049572694453	2.355036873054606
ENSG00000113810	2.594530136271819	2.363592834125316	2.808247763097304	2.5487000938625117	2.6668462973521585	2.541279613375632	2.4503832457804466	2.5864180646632224	2.56953240758942	2.6940405281771143	2.586050366440419	2.2648922817713477
ENSG00000130826	1.73101115192823	2.8994893135385644	2.5333033333053905	3.218956670513696	2.3712725232030567	2.0390589173447244	2.4503832457804466	2.2006200062055243	2.600878318353956	2.87965741696848	2.52453981912366	2.7719071673595916
ENSG00000198258	2.427034324518692	2.323408389754157	2.5892466434409602	2.642887900778712	2.4020571608270838	2.0390589173447244	2.4849236252669216	2.2006200062055243	2.56953240758942	2.307627738230357	2.6154426365680328	2.1658092401381523
ENSG00000106028	2.514284994569395	2.4022246784579435	2.7404401955421145	2.368843332143108	2.4609213933648286	2.573651184717234	2.896543119665121	2.8087297416968893	2.46912946878017	2.6339990281248493	2.6154426365680328	2.827167402349966
ENSG00000057019	2.9206270209924448	2.4394194481713662	2.763557374384052	2.9931772183434124	2.8177138049582915	2.1901449017481576	2.896543119665121	2.719429616963512	2.3173505810482693	2.777840926868859	2.5557679616712456	2.3972343779226857
ENSG00000175606	2.168360193484125	2.723548118524086	2.5333033333053905	2.9049654038910013	2.8375218062615337	2.573651184717234	2.918788751107351	3.0368901746160386	2.9381904682658257	2.777840926868859	2.458996299356103	2.5850391335367315
ENSG00000242299	2.594530136271819	2.475280235878329	2.5892466434409602	2.4805882039041935	2.9130489003700903	2.400171104458856	2.5183106919722986	2.512629859981917	2.46912946878017	2.8551585765484395	2.351846621772724	2.7134136987754056
ENSG00000147065	2.974786504736343	2.323408389754157	2.5616661441131936	2.7560834571115813	2.4891031475459164	2.0919981327465735	2.612263232158015	2.5864180646632224	2.631271452993313	2.7506803259476897	2.6154426365680328	2.7134136987754056
ENSG00000142669	3.1661305081352205	2.323408389754157	2.7404401955421145	2.581091799515256	2.3395100083940124	2.437358404176848	2.3389694701390287	2.30012091338035	2.2755117012436177	2.6339990281248493	2.458996299356103	2.5850391335367315
ENSG00000075618	2.6323604217819225	2.1921506495547103	1.6065930841805272	2.61246711898006	1.949834680952996	2.3615473185118185	2.41460701443002	2.2006200062055243	2.5037293698610474	2.2179631828300197	1.5182775261553894	2.4377231158084465
ENSG00000125356	2.514284994569395	2.4394194481713662	2.411050429330403	2.581091799515256	2.61920270159852	2.8006479133077216	2.41460701443002	2.7500909717211823	2.46912946878017	2.5701209675211403	2.6439956112558414	2.6512850067949514
ENSG00000171345	3.0008045709488727	2.5098994237939567	2.786152201823179	2.5487000938625117	2.7123228360482607	2.748544656607301	2.8505098396901722	2.719429616963512	2.600878318353956	2.9035703887086153	2.725066318478856	2.9532737662582784
ENSG00000137309	3.2087472644005017	2.323408389754157	2.5892466434409602	2.5152239405161234	2.61920270159852	2.6050076133284232	2.4503832457804466	2.473588171959938	2.46912946878017	2.777840926868859	2.351846621772724	2.799918947993123
ENSG00000167283	3.2087472644005017	2.8522980603410737	2.343820365390428	2.4805882039041935	2.4891031475459164	2.437358404176848	2.698141833108658	2.30012091338035	2.56953240758942	2.010182736337264	2.1883847407670785	2.4766361088478366
ENSG00000188229	2.8334562614958463	2.7770531202653848	2.3780002761768846	2.407495785414708	2.8375218062615337	2.3615473185118185	2.4503832457804466	2.8368081454565237	2.689419424036084	2.4659335279454395	2.6987663147922025	2.1123251335497333
ENSG00000131711	3.0008045709488727	2.323408389754157	2.3780002761768846	2.4805882039041935	2.4891031475459164	1.983159712031792	2.4503832457804466	2.512629859981917	2.357509040624609	2.5018823743265663	2.3888536198814205	2.51409142634444
ENSG00000150093	2.168360193484125	2.575737349415911	2.9119464893927844	2.7560834571115813	2.61920270159852	2.4732122481056007	2.5183106919722986	2.512629859981917	2.770754692284968	2.428644016905265	2.273451942724104	2.51409142634444
ENSG00000119707	2.331436917435831	2.1921506495547103	2.411050429330403	2.5487000938625117	2.61920270159852	2.400171104458856	2.3775032016426167	2.6551337216067528	2.433289375878376	2.5701209675211403	1.6782987620052219	2.216577440434282
ENSG00000112081	2.948073374270822	2.575737349415911	2.6925380882358243	1.9901076571788558	2.7343083631181453	2.4732122481056007	2.8266733657082166	2.550204395372618	2.46912946878017	2.5365836212265225	2.586050366440419	2.4766361088478366
ENSG00000142534	3.0750281077322423	2.6670176938547527	2.3780002761768846	2.368843332143108	2.7343083631181453	2.5078249647487114	2.7252037884422164	2.512629859981917	2.2318456026278404	2.602569961957605	2.8470944229269297	2.51409142634444
ENSG00000150753	2.8334562614958463	2.575737349415911	2.6160868313177863	2.5487000938625117	2.5431904054803636	2.9201387180356875	2.4849236252669216	2.3463892677860945	2.5037293698610474	2.7506803259476897	2.8470944229269297	2.355036873054606
ENSG00000232573	2.6688115906970507	2.6375071041031664	2.642225413715216	2.7560834571115813	2.569175139439375	2.541279613375632	2.918788751107351	2.6551337216067528	2.5037293698610474	2.83004443729166	2.586050366440419	2.618710534352989
ENSG00000091527	1.9734067897125136	2.5433601178299035	2.8717479895466185	2.7010864788227886	2.6668462973521585	2.7214383187552693	2.98270213876476	2.687798325571064	2.5037293698610474	2.7506803259476897	2.5557679616712456	2.618710534352989
ENSG00000119888	0.9356174748518672	2.6956823141251838	2.5616661441131936	2.7560834571115813	2.6433082116704965	2.8006479133077216	2.777225034711668	2.621366007236285	2.770754692284968	2.804283294218852	2.725066318478856	2.4766361088478366
ENSG00000160789	3.121616405280421	2.2815413039138037	2.3084307176663823	2.407495785414708	2.3712725232030567	2.1901449017481576	2.2988911735497117	2.621366007236285	2.631271452993313	2.6940405281771143	2.273451942724104	2.310979989596351
ENSG00000135046	2.8633654801957547	2.1921506495547103	2.2336569238955413	2.3286365883076603	2.1635343131468123	1.8610122159763445	2.5819160339040934	2.390611197387861	1.9201427234859767	2.169923898717641	2.1883847407670785	2.3972343779226857
ENSG00000127022	3.026162828072709	1.7957288061295562	2.6676981382593183	2.581091799515256	2.594501732522419	2.1422751328062524	2.7252037884422164	2.7500909717211823	2.537172046072884	2.428644016905265	2.23182262274412	2.355036873054606
ENSG00000105323	3.0985935406573017	2.4022246784579435	2.6160868313177863	2.5152239405161234	2.9130489003700903	2.0919981327465735	2.2988911735497117	2.390611197387861	2.46912946878017	2.602569961957605	2.3134173013234056	2.1123251335497333
ENSG00000149806	3.0008045709488727	2.4022246784579435	2.4430431257945706	2.3286365883076603	2.5431904054803636	2.3615473185118185	2.7515526496981417	2.512629859981917	2.2318456026278404	2.4659335279454395	2.4923049572694453	2.4766361088478366
ENSG00000125835	2.7708124941572883	2.363592834125316	2.642225413715216	2.5487000938625117	2.6433082116704965	2.279513972092734	2.3389694701390287	2.4329600851712296	2.56953240758942	2.5018823743265663	2.6439956112558414	2.5850391335367315
ENSG00000165502	2.8633654801957547	2.5433601178299035	2.1098376085379833	2.368843332143108	2.306705447766514	2.6050076133284232	2.777225034711668	2.687798325571064	2.600878318353956	2.7227613818077376	2.4245398330208157	2.6512850067949514
ENSG00000213315	2.6688115906970507	2.4022246784579435	2.4430431257945706	2.1493856197134464	2.4891031475459164	2.400171104458856	2.41460701443002	2.2006200062055243	2.433289375878376	2.777840926868859	2.6439956112558414	2.2648922817713477
ENSG00000106263	1.9734067897125136	2.4022246784579435	2.1940631569040283	2.407495785414708	2.6433082116704965	2.573651184717234	2.8022548112557626	2.687798325571064	2.689419424036084	2.6644703331963657	2.5557679616712456	2.3972343779226857
ENSG00000105971	1.9734067897125136	2.2815413039138037	2.504112532204275	2.9049654038910013	2.7123228360482607	2.3213715932852654	2.3775032016426167	2.8368081454565237	2.7443712093217782	2.5018823743265663	2.4245398330208157	2.4766361088478366
ENSG00000149925	2.279977295855909	2.1442685008685056	2.6160868313177863	2.642887900778712	2.4891031475459164	2.874041235654764	2.4503832457804466	2.5864180646632224	2.46912946878017	2.6339990281248493	2.725066318478856	2.4377231158084465
