GENES,F20,F18,F22,E18,E19,F24,E23,F23,E24,F21,E20
ENSG00000210082,6.000026935302638,5.982872289164917,6.022005935849508,6.6342645842905705,6.663644032539348,6.611027320009365,6.6433753596007925,6.800565842518012,6.739241807941128,6.8216243099493,6.853767120995887
ENSG00000198886,5.634406564247012,5.57102499301595,5.741018838056195,5.821459294550223,5.783379338936816,5.936877115050567,5.852076073091519,5.749344933843781,5.676742950508152,5.816545416767997,5.919070923165624
ENSG00000198938,5.619394600426652,5.450632095088165,5.339286950867595,5.533590597930025,5.605349695385968,5.49534462730593,5.606766402987001,5.479390303891032,5.390533218438986,5.452791568766637,5.441770410358803
ENSG00000198727,5.550930741734838,5.5324823557177405,5.780772644146836,5.586212381490622,5.511946780399273,5.573814408194864,5.58992041775538,5.6852990138542925,5.5663298350658765,5.585271130704409,5.470634173646669
ENSG00000198888,5.745354102117803,5.7565427353621885,5.5486166874944285,5.542943405127264,5.50710028927683,5.626091397735274,5.618627837957593,5.510578050248537,5.63298965537963,5.519295246290307,5.46429161677183
ENSG00000132432,5.347294434705583,5.270279837055692,5.522403182816812,5.383028563194431,5.4712426767089735,5.52042370965202,5.526035197201898,5.503880360860686,5.531255982321697,5.567036097309389,5.4863167696658515
ENSG00000198712,5.183132442475066,5.229487043851141,5.329671633934626,5.150406541013737,5.153893496734514,5.259083257528767,5.183895861603544,5.166616928068956,5.291696321329398,5.328474371209202,5.2245728249854855
ENSG00000198899,5.211959669225314,5.1893698799158345,5.053203364030429,5.200806514751751,5.139964264190441,5.288512898521068,5.224930684758385,5.201771304996583,5.2589767241127685,5.129226844529259,5.356925295613256
ENSG00000198840,5.226067526888358,5.407049373197712,5.511722304592672,5.158984918183213,5.13115892553792,5.433615499678904,5.0884177863363895,5.214417606376028,5.26048743556888,5.250779884316972,5.118012703322673
ENSG00000198786,5.000763095345086,5.179691969813726,5.306869684748124,5.031624582161502,5.129388515349573,5.256783154896223,5.037027276426791,5.057279049370082,5.04014771399364,5.123508351860184,5.339056911939718
ENSG00000198763,5.0751422112313245,5.119571031340425,5.199128412550782,5.157275119734858,5.164214553157524,5.108091720052271,5.2957772710371485,5.2126207540130025,5.093279609876451,5.0188092944616045,5.342656222311105
ENSG00000269028,4.59515460252382,4.3494785486231775,5.018643375822824,4.717308181898293,4.691820078913325,4.729337714218626,4.701885748680624,4.9006846729886835,4.6463186018339275,4.733328928287973,5.422054415457955
ENSG00000075624,4.671171985956076,4.706740664467497,4.700471906848805,4.733124439503069,4.678001635005658,4.664867713979448,4.7423445515805325,4.602323190856583,4.660171545107199,4.887433133054903,4.67900282541663
ENSG00000212907,4.435652509871973,4.409014913547198,4.8972851277663,4.305665639368901,4.254765362823547,4.713605672175969,4.251295368637891,4.763999677308616,4.901074201367497,4.695926894508066,5.256406009138563
ENSG00000184009,4.837160688689921,4.878396487565015,4.712483731430612,4.8420447385789815,4.7885412766336115,4.7935680576458175,4.925572861624653,4.708997650865139,4.7137404928590145,4.801546761044461,4.699717320638387
ENSG00000228253,4.718818578749212,4.759921332045819,4.8972851277663,4.794000652895964,4.7607505526942955,5.0039961198844765,4.713613398955023,4.690980709079554,5.0192320142948175,4.872802836439688,4.9196694534992105
ENSG00000211459,4.410638433522799,4.46022528959156,4.598800079444163,4.6876455706146585,4.544208220537193,4.6438376299737145,4.5492469490290715,4.666441775765757,4.786648096994873,4.509560526315898,4.706527883953643
ENSG00000198804,4.501379851455165,4.745013238429656,4.841149259112865,4.622626025793366,4.581672683572387,4.577955995370506,4.542352229181616,4.6348962944208685,4.671117366668894,4.5130864340810755,4.67900282541663
ENSG00000205542,4.3519584562540885,4.414255587206587,4.240704007430823,4.18203289862522,4.142459859913435,4.0829354346384665,4.1490554932517645,4.195249161514076,4.191443626470918,4.196981804567908,4.228337646242683
ENSG00000108518,4.636414942118113,4.679050730559641,4.522376455928259,4.607914010694345,4.52168771697279,4.545659913893642,4.492710410315543,4.5086766657499835,4.508969729485261,4.780219170902104,4.6928600553016295
ENSG00000251562,4.151911771111415,4.014824021030793,4.129483550801445,4.186560571298217,4.197942076036998,4.044984075513304,4.164316891653747,4.0624486687995,4.191443626470918,4.0461371763297365,4.183553023923464
ENSG00000248527,4.057354517108631,4.237475539187384,4.278265486251196,4.41568140561438,4.33240572295516,4.404910488693326,4.274171474519096,4.368384947819293,4.33838285727963,4.293557408874088,4.636240346290832
ENSG00000080824,3.9326940803420443,4.045521144779108,4.0163746380157965,4.1403340170136405,4.233290656265071,3.972816229739237,4.208751489139372,4.159807599736687,4.141870509557288,4.079268293019037,4.217328114277429
ENSG00000026025,3.1754243532599418,2.72465595944146,2.659739783593221,2.9513110441256023,2.789008843104237,2.927053355732266,2.809012781138686,2.7425627890534443,2.6448814530778506,2.5800845271799484,2.9056076788892424
ENSG00000111640,4.24579053535468,4.179698888667601,4.201676415451958,4.191067836514955,4.336329743356748,4.221793423423745,4.232610064017776,4.29910184217177,4.2428600447078635,4.201798416903191,3.9811793128188437
ENSG00000120708,3.678218384899243,3.778571564201113,3.571240549370207,3.806440533542348,3.913763483332513,3.663457418096743,3.6299190913447785,3.68782984274949,3.596384358212571,3.556110849222047,3.762690813944428
ENSG00000166710,3.278783010268672,3.1176257725304803,3.103155660693246,3.3548871976985,3.10239245311238,2.9732900429207985,3.0357592019142183,2.899658984471011,3.1010624099602917,2.908776925251064,3.05781129208538
ENSG00000197956,3.7664164085088867,3.6066884884927313,3.7582094569442046,3.912881036928472,3.8834288978507345,3.7292248837388122,3.712557338794194,3.7748213207125634,3.730473730945698,3.820344640671404,3.7450944224732448
ENSG00000123416,3.9224289783949655,3.9750780896257853,3.818373814154186,4.0616168915251425,3.9885793397632794,3.760554654659876,4.0910156567583496,3.8959407295652313,3.8671027527096182,3.9333351125424,3.9811793128188437
ENSG00000065978,4.416950856522886,4.2802130160894265,4.181576165451238,4.293562099595423,4.19343433538802,4.215289902269514,4.2831773720708615,4.321272858003732,4.2088778273950265,4.275866849733953,4.342059680559108
ENSG00000231500,4.066329763660695,4.0302903674562796,3.9546301396536547,3.9761698495849616,4.04778701316048,4.029390846855462,4.080091254560886,3.9795751970795914,3.914606368771581,4.147494973763524,3.9951010454224263
ENSG00000137154,4.207739493227908,4.27421835495065,4.3831608443319645,4.186560571298217,4.267432257966073,4.090355881054787,4.223134831789554,4.25791153532882,4.204547689716319,4.177479950130476,4.291964714515271
ENSG00000137818,3.637900259158583,3.8172927230925118,3.660578301481088,3.7659940521989417,3.8393525370881134,3.6170794994806896,3.8106913543006486,3.6627299924290417,3.9029403407194745,3.920685938605533,3.6124028595746434
ENSG00000167996,3.5958880403904034,3.4820184514408634,3.51353733909788,3.4814357845894266,3.62476785968911,3.5173250302026733,3.638497077038609,3.3807615188194116,3.513307647019043,3.684916810943932,3.3858647310903383
ENSG00000138326,3.9120574102994623,3.908003884119615,3.928823787599681,3.7728497614516874,3.62476785968911,3.858419384178797,3.7437907975016658,3.8192635662176766,3.7374211028846913,3.7549215630946975,3.762690813944428
ENSG00000135480,4.151911771111415,3.9669357565280934,4.0745274459202525,4.040929822702816,4.063344184644511,3.9039797883398473,4.029398504923774,3.9289407298409023,4.151068518296904,3.9396002005223782,4.206196021933944
ENSG00000134333,3.678218384899243,3.9251989059213863,4.107862162097879,3.786421768665114,3.584059216171992,3.7707835206682847,3.7437907975016658,3.759557216137181,3.7164324906801776,3.6521579266409474,3.632471241524092
ENSG00000146648,4.075225171205679,3.916638353162043,3.8888209071504583,4.1355916239203045,4.042547037012213,3.9974554215728086,4.123090555868756,4.015936471114369,3.9980158595000117,4.023423793473278,4.124595442842898
ENSG00000171858,3.8362785934444914,3.788393320777665,3.533144041925228,3.75909101756112,3.9718042694470985,3.7292248837388122,3.8249693360042833,3.8264823078846897,3.891136608415009,3.952013837987992,3.72718284356956
ENSG00000182718,3.7542830319625926,3.778571564201113,3.832865855286856,3.888836273054512,3.7088889371377856,3.760554654659876,3.9131152551748714,3.8959407295652313,3.8486905359846015,3.7549215630946975,3.6124028595746434
ENSG00000172757,3.7295654856826346,3.9911665221268064,3.8471508737726166,3.8827336473255474,3.8956733740557525,3.86769903920072,3.817855827531206,3.9354120338481935,3.897055890478177,3.8817491042155265,3.8933153391733804
ENSG00000105974,3.9428548797408567,3.8361051926123846,3.7887440360578175,3.857943762790749,3.925644270101395,3.989309626250324,3.95754495078546,3.9354120338481935,3.7021912828618455,3.820344640671404,3.908505973864496
ENSG00000125148,3.4075940196578327,3.546295040343685,3.7105848866193183,3.5434770054876137,3.5063274008385226,3.5432119532160247,3.6212668867042903,3.7672183922532003,3.5639770889997386,3.643797736427734,3.3858647310903383
ENSG00000142937,3.9326940803420443,3.933686797199659,3.9921323782278506,3.953616453579601,3.966149457131288,4.067927281307268,3.93239875995133,4.015936471114369,3.873165585675808,3.970350056467424,3.762690813944428
ENSG00000070756,3.7664164085088867,3.863676515493053,3.7887440360578175,3.9009309220843504,3.8263940361904534,3.69688172344666,3.6965670014295173,3.6015910104808024,3.8043626226998466,3.574274145333016,3.72718284356956
ENSG00000067225,3.8249685969884912,3.6066884884927313,3.7267130718900248,3.7380913126234887,3.663883929742013,3.449514764091516,3.558510028619416,3.696058384622263,3.6200186894520257,3.6929415572539623,3.8463077988778327
ENSG00000156482,3.536976719273572,3.6298603078170197,3.2928884657656745,3.4250109676815272,3.3719501142468733,3.3615632815534764,3.53983154740408,3.3694656523506383,3.2240069735708663,3.4187954328998584,3.3336762084023035
ENSG00000069275,3.7042214646876648,3.778571564201113,3.6257949686235182,3.687305870943368,3.6715268311859313,3.421048520603738,3.5858894472063167,3.7440565023808507,3.784746445377996,3.762405776475984,3.796981082918101
ENSG00000133112,3.7542830319625926,3.6746528050617004,3.7267130718900248,3.5605183604560904,3.450932543705624,3.750220076707097,3.7204576344313347,3.5364692278499628,3.5557084721289165,3.6009151088364795,3.632471241524092
ENSG00000140988,3.778404329334714,3.546295040343685,3.571240549370207,3.625920155367429,3.632714437214207,3.685863955096042,3.612539167576667,3.6015910104808024,3.6200186894520257,3.546903969670419,3.2203409870036714
ENSG00000135446,3.9326940803420443,3.826743195826292,4.150647331721949,3.8827336473255474,4.052999675022748,4.021502093587322,3.95754495078546,4.06811347877776,3.9764446922167935,4.023423793473278,4.0088316215713835
ENSG00000197756,3.581482367915612,3.5708918069231728,3.7735932870389135,3.6798355901934423,3.7449052470010256,3.6747234418961767,3.7282960043095614,3.5170565891822796,3.817229509469073,3.8817491042155265,3.549661850151791
ENSG00000074800,3.7042214646876648,3.663641369754456,3.607938818056691,3.8195671478821676,3.592334600410996,3.5684456187142604,3.558510028619416,3.789855931034902,3.6506865564245343,3.716636503526655,3.50553506538444
ENSG00000106211,3.581482367915612,3.4551045770369906,3.041606484772037,3.472249980675816,3.567300124066381,3.4353829298051526,3.430354700322908,3.3694656523506383,3.5473709147947976,3.4292541164075203,3.591923475446289
ENSG00000071082,3.778404329334714,3.7586338251874345,3.832865855286856,3.687305870943368,3.858480771872282,3.7077794222746654,3.7204576344313347,3.70421976981937,3.6200186894520257,3.7698343922540687,3.6714387539664624
ENSG00000148303,3.7295654856826346,3.641247929224493,3.533144041925228,3.641623453139475,3.5329150482686837,3.5303522559683933,3.6212668867042903,3.5555121811575434,3.5557084721289165,3.6096400104520683,3.27861334816251
ENSG00000146731,3.778404329334714,4.045521144779108,4.040043093521089,3.930542642201088,3.8647763964459454,3.739777578976961,3.781508859428088,3.960886429405975,3.817229509469073,3.9458262814308975,3.9527405552243535
ENSG00000083845,3.50616632819951,3.5337659973824653,3.1325655663385645,3.3124919819162697,3.4023042217470345,3.3461221547912308,3.3982932054399018,3.2488797535831635,3.4507537012657674,3.6009151088364795,3.2203409870036714
ENSG00000255823,3.2982319520185785,3.191302750575157,3.7267130718900248,3.4441751770362368,3.479013497013754,3.5432119532160247,3.4408174326445105,3.68782984274949,3.4958307800648254,3.546903969670419,4.124595442842898
ENSG00000164587,3.536976719273572,3.6746528050617004,3.6775265383436335,3.5689313579406488,3.422040211304988,3.5303522559683933,3.3424615549413086,3.4668093549689423,3.588380467233653,3.3536365591285824,3.4827193291538934
ENSG00000019582,1.1266098683346484,1.1503402211255709,1.46398253676918,1.6971643667905076,1.7028688275942758,1.16597993121885,0.9648240648746302,1.1972714076684876,1.0095029856856306,0.8259399851384969,1.7059969450600094
ENSG00000163191,3.4580942450276715,3.468652056085713,3.2159365099761072,3.3124919819162697,3.3719501142468733,3.5041258533158515,3.4614201090903616,3.28660636385742,3.4131693851475857,3.33093802505231,3.50553506538444
ENSG00000181019,2.6035099057532824,2.2197703657889907,2.2659387583514485,2.0200969749905093,1.9439413074674303,1.689751109143946,2.5152969293346747,2.151007941877523,2.0008764064512543,2.004197054157182,1.8338635979715132
ENSG00000125691,3.69130444243216,3.717524657640269,3.694192313060297,3.617975055240792,3.8647763964459454,3.7077794222746654,3.7282960043095614,3.619444020921693,3.6277742795558368,3.70880040628252,3.632471241524092
ENSG00000182899,3.4903976822288083,3.3990011558651987,3.58975801963315,3.625920155367429,3.4317640362326447,3.6288771810124265,3.558510028619416,3.6105573564198763,3.4507537012657674,3.6096400104520683,3.2203409870036714
ENSG00000096384,3.7295654856826346,3.727961466231264,3.387065472472336,3.4629790148839787,3.701527356200745,3.4353829298051526,3.481606869821685,3.4139031408511724,3.459933138935801,3.386746612010361,3.4593708566851347
ENSG00000142676,3.6240913753489816,3.6963184632261408,3.6257949686235182,3.617975055240792,3.8956733740557525,3.4065056442401165,3.511142912902674,3.6105573564198763,3.665674857835055,3.8412345541090303,3.5710159018082277
ENSG00000122406,3.801957467557357,3.798119547957965,3.7267130718900248,3.7020810731701057,3.8647763964459454,3.739777578976961,3.788884709923178,3.7440565023808507,3.6122024797231664,3.806171585755027,3.7450944224732448
ENSG00000198744,3.536976719273572,3.3844693113733477,3.473131556662741,3.6798355901934423,3.6005420643478674,3.685863955096042,3.6470021062698175,3.6282524077344913,3.6277742795558368,3.6268647101307945,3.249901566051052
ENSG00000167553,3.7295654856826346,3.7686523830509127,3.6433378624594916,3.7238424444043416,3.737805011976367,3.739777578976961,3.3651696250653904,3.6711668034653484,3.817229509469073,3.70880040628252,3.4593708566851347
ENSG00000247627,3.6240913753489816,3.6066884884927313,3.51353733909788,3.9009309220843504,3.765908392331971,3.739777578976961,3.8249693360042833,3.8478310407163914,3.7443205416648437,3.8132832224387654,3.762690813944428
ENSG00000109475,3.6240913753489816,3.6963184632261408,3.58975801963315,3.633802628131862,3.694111180235709,3.750220076707097,3.603734604200776,3.4668093549689423,3.658208788014345,3.643797736427734,3.36011088635429
ENSG00000196230,3.4247123613364256,3.468652056085713,3.16113518340774,3.4629790148839787,3.3511897751240625,3.298314493457464,3.530359824301044,3.3694656523506383,3.343793376493151,3.4187954328998584,3.36011088635429
ENSG00000196262,3.3173098376099186,3.259921943519341,3.2422506325320066,3.3754293088728846,3.2749341626300765,3.1394282097452875,3.233365877996701,3.445981538560201,3.2123708036038834,3.0849070337887348,2.945884876783333
ENSG00000234745,1.8266356568565487,2.0119389960671117,1.943286174321888,2.2942398221715004,1.7028688275942758,1.8408287081892385,2.5412197561846956,1.4589704497012017,2.076555757340844,1.8651823925452584,2.22598483706381
ENSG00000142871,3.8802812352669007,3.826743195826292,3.6257949686235182,3.7380913126234887,3.75895624358652,3.7077794222746654,3.8801259899202503,3.759557216137181,3.897055890478177,3.762405776475984,3.8622237692580987
ENSG00000249072,3.2982319520185785,3.259921943519341,3.8751229259797504,3.5689313579406488,3.663883929742013,3.463449669373964,3.520797529102052,3.5268100140939773,3.784746445377996,3.7845280927666467,3.549661850151791
ENSG00000108298,3.35440724914545,3.441371040302373,3.51353733909788,3.508497520206532,3.5588140623298345,3.5684456187142604,3.6470021062698175,3.49725962693162,3.4958307800648254,3.6096400104520683,3.4827193291538934
ENSG00000087460,3.1754243532599418,3.3241333813478686,3.2928884657656745,3.2099717186153374,3.115754311962855,3.0174830441749068,3.066493878568555,3.051135026631993,3.1268903252722366,3.2218913045525124,2.6224540728668497
ENSG00000154978,3.8585219238931128,3.717524657640269,4.004326967218013,3.7309922570799134,3.90173984457484,3.895032255681397,3.7590491608511134,3.4668093549689423,3.7443205416648437,3.7473809136182807,3.7089445796697653
ENSG00000213741,3.536976719273572,3.4551045770369906,3.4310241502877807,3.323260475153203,3.412220904396315,3.5432119532160247,3.2586586466681475,3.4029775212117954,3.2355092990309435,3.386746612010361,3.0924992967699283
ENSG00000034510,3.4075940196578327,3.3241333813478686,3.317277182323489,3.301606264762686,3.308329592428281,3.176981858978544,3.3873734675906846,3.477062815851884,3.4035483665237973,3.4187954328998584,3.27861334816251
ENSG00000136810,3.336030560756962,3.1733861331727025,3.103155660693246,3.1481201014912794,2.9579269007463145,3.1394282097452875,3.0200302159305794,3.1826557359114025,3.005019229063561,3.024388109665253,2.819833373346176
ENSG00000167658,3.278783010268672,3.0983259662941856,3.341085223223488,3.054549504457584,3.1548009296526702,3.0803133042792856,2.9374453677370336,3.0818930076693496,3.1140597504498424,3.039864653268056,3.021876657129415
ENSG00000072110,3.2589482918339705,3.5708918069231728,3.2678900386788565,3.4054723035936125,2.942262665423057,2.995630651354313,3.1108941856294763,2.8044013211464702,3.312521252148062,3.0086682723828284,3.126024274179163
ENSG00000170315,3.35440724914545,3.4274462640945513,3.5523737026628885,3.1856881898011564,3.308329592428281,3.3145056656739555,3.1108941856294763,3.2488797535831635,3.2123708036038834,3.0994813220041806,2.7740195691933027
ENSG00000244052,3.7042214646876648,3.6298603078170197,3.4522994663129807,3.472249980675816,3.584059216171992,3.3145056656739555,3.6212668867042903,3.6105573564198763,3.588380467233653,3.6268647101307945,3.3858647310903383
ENSG00000008988,3.1534059069360643,3.2925429625096343,3.2159365099761072,3.3124919819162697,3.10239245311238,3.195242737378209,3.3424615549413086,3.334791681399399,3.2581244901428543,3.0994813220041806,3.126024274179163
ENSG00000143947,3.372452319731047,3.4551045770369906,3.4522994663129807,3.472249980675816,3.592334600410996,3.4771930587704616,3.501394175648456,3.5072070972212597,3.4958307800648254,3.1959546264749363,3.2203409870036714
ENSG00000214182,3.336030560756962,3.3395620719248647,3.341085223223488,3.3754293088728846,3.4882012758342054,3.298314493457464,3.3873734675906846,3.3580407300977555,3.333477615202958,3.470028167309461,3.50553506538444
ENSG00000112306,3.4247123613364256,3.4551045770369906,3.571240549370207,3.4054723035936125,3.469740519522209,3.421048520603738,3.3424615549413086,3.564899374147163,3.4958307800648254,3.375831284328072,3.6124028595746434
ENSG00000145592,3.35440724914545,3.276365463477118,3.341085223223488,3.323260475153203,3.2635498341249214,3.3615632815534764,3.3538800456745883,3.4247106802637965,3.44148922026717,3.386746612010361,3.05781129208538
ENSG00000244398,3.7042214646876648,3.558669046842891,3.4310241502877807,3.4250109676815272,3.469740519522209,3.6405372986131295,3.53983154740408,3.4668093549689423,3.4690290803971795,3.5652337348763834,3.4827193291538934
ENSG00000174748,3.2387121824417537,3.3084629110623456,3.4935385124059306,3.26821953249389,3.308329592428281,3.1394282097452875,3.2954373223452595,3.3580407300977555,3.343793376493151,3.3077122773900616,3.126024274179163
ENSG00000198363,3.4415425904847914,3.4551045770369906,3.4935385124059306,3.2794727514757236,3.4023042217470345,3.158381308575481,3.430354700322908,3.0969243523687617,3.2123708036038834,3.3193925791249734,3.6714387539664624
ENSG00000136942,3.4903976822288083,3.3990011558651987,3.607938818056691,3.2218958705648566,3.180009912578878,3.3917481475888795,3.4915494641206313,3.196256040199588,3.44148922026717,3.439604547060274,3.021876657129415
ENSG00000204628,3.3173098376099186,3.2925429625096343,3.317277182323489,3.2794727514757236,3.192380031103144,3.195242737378209,3.376333171390005,3.3580407300977555,3.246880824083189,3.4082262081978527,2.9056076788892424
ENSG00000256618,3.107858931243811,2.951667926309592,3.40928633760387,3.4814357845894266,3.584059216171992,3.2481060013587464,3.3873734675906846,3.5741992666162847,3.312521252148062,3.3193925791249734,3.126024274179163
ENSG00000224631,3.336030560756962,3.468652056085713,3.4935385124059306,3.4250109676815272,3.4973054073250998,3.4065056442401165,3.501394175648456,3.5072070972212597,3.3641110403750822,3.5282319407977094,3.27861334816251
ENSG00000143933,3.372452319731047,3.369723174486745,3.2422506325320066,3.1856881898011564,3.3719501142468733,3.298314493457464,3.451171828713643,3.1548873191715963,3.312521252148062,3.2718297837593577,3.249901566051052
ENSG00000225972,3.372452319731047,3.2925429625096343,3.4522994663129807,3.508497520206532,3.460380748456493,3.4065056442401165,3.5492143980853617,3.3919312125922216,3.5389632577283483,3.3647954961928472,3.36011088635429
ENSG00000134419,3.278783010268672,3.1733861331727025,3.16113518340774,3.1352770853604484,3.0888496342996827,3.0388681040673666,3.1108941856294763,3.0666322691641046,3.005019229063561,3.1959546264749363,2.9056076788892424
ENSG00000130255,3.218058100224769,3.276365463477118,3.072854535637623,3.122266977882844,3.0327661984684884,3.0803133042792856,3.0815140923997784,3.0666322691641046,3.01931746278374,3.0551053194005537,3.1584616894234565
ENSG00000185650,3.4075940196578327,3.4274462640945513,3.387065472472336,3.1979036636186624,3.10239245311238,2.7459774913169404,3.1394356688230207,3.0031480051672945,3.323054328815072,2.8548217519374304,3.3336762084023035
ENSG00000125968,2.6035099057532824,2.6663569225350594,2.5621232530421887,1.9379638552814693,2.2386569811488606,2.717209621519688,2.56648753502476,1.9841557103525669,1.918997297292776,2.0871798849030068,2.3039587453607853
ENSG00000228236,3.1754243532599418,3.1733861331727025,2.83033174590855,2.8534564738119985,2.732219489868553,2.995630651354313,2.9545169794721606,2.935358639584429,2.7242253507570835,2.797788553311294,2.726005662049133
ENSG00000187514,2.983994467998088,3.2262008058153255,3.2678900386788565,3.3124919819162697,3.286190345681248,3.3767696010149355,3.2204754803485955,3.126325740183723,3.312521252148062,3.3193925791249734,3.4593708566851347
ENSG00000244313,3.35440724914545,3.4133248470930293,3.341085223223488,3.3339142422741235,3.2749341626300765,3.0803133042792856,3.2833274407937187,3.1826557359114025,3.323054328815072,3.1693272838354574,3.1584616894234565
ENSG00000177600,3.0353954882059933,3.3084629110623456,3.40928633760387,3.0261241264936527,3.167484855614993,3.100409070506912,3.194185226439923,3.3229612699875357,3.2240069735708663,3.2471722432323378,2.56635820688419
ENSG00000172809,3.4247123613364256,3.243203507324315,3.2422506325320066,3.2336795109506355,3.192380031103144,3.2481060013587464,3.1807762814228493,3.2096738553438056,3.2240069735708663,3.3193925791249734,3.1584616894234565
ENSG00000233762,3.0601380185832467,2.806188290740361,2.905826181267292,2.836174260750944,2.942262665423057,2.950438904431433,3.1252667508030485,2.917668111740643,2.9456897629806336,2.9764672521070947,2.6224540728668497
ENSG00000166913,3.5668661350832878,3.2262008058153255,3.2928884657656745,3.434638980021397,3.4317640362326447,3.4771930587704616,3.4197813407505078,3.1688679100659587,3.323054328815072,3.33093802505231,3.6521447941156624
ENSG00000132507,3.5958880403904034,3.6298603078170197,3.4522994663129807,3.4995580661936585,3.3922882126924128,3.265123807232696,3.194185226439923,3.3580407300977555,3.4780430309319543,3.2346116624975734,3.4593708566851347
ENSG00000122566,3.107858931243811,3.243203507324315,3.2678900386788565,3.2906007434205766,2.9263491519010416,3.230793568631982,2.9545169794721606,3.0194008881689447,3.0473148513661403,3.0086682723828284,3.3065237202365427
ENSG00000198034,3.4580942450276715,3.191302750575157,3.16113518340774,3.2336795109506355,3.2973212360843536,3.2131761273866397,3.3873734675906846,3.2488797535831635,3.312521252148062,3.1959546264749363,2.9846024371720583
ENSG00000102144,3.6515210520733214,3.3241333813478686,3.4522994663129807,3.4441751770362368,3.308329592428281,3.2481060013587464,3.3538800456745883,3.4668093549689423,3.3741171374742818,3.4995534542003512,3.126024274179163
ENSG00000144381,3.372452319731047,3.3395620719248647,3.009350409769369,3.4814357845894266,3.286190345681248,3.176981858978544,3.330911174850455,3.28660636385742,3.1268903252722366,3.2471722432323378,3.0924992967699283
ENSG00000105193,3.3901775291362157,3.243203507324315,3.2678900386788565,3.1608002638819226,3.286190345681248,3.2131761273866397,3.0200302159305794,3.196256040199588,3.2005976375112315,3.3193925791249734,2.9056076788892424
ENSG00000115053,3.196968414084671,3.1733861331727025,3.009350409769369,3.4152893548028183,3.450932543705624,3.230793568631982,3.1394356688230207,3.298872106892584,3.3641110403750822,3.209007052065561,3.3336762084023035
ENSG00000197747,3.0842831085952045,3.0983259662941856,3.2159365099761072,2.9356525484333162,3.115754311962855,3.120108939707846,3.233365877996701,2.986626595620599,2.8152967825960467,3.039864653268056,3.3336762084023035
ENSG00000115268,2.929807537759658,3.136560138052624,2.941538395615248,2.9667281266411933,2.8427457367611098,3.0388681040673666,3.1252667508030485,2.881319571284929,2.665315389298337,2.836169784003756,2.5069276034413663
ENSG00000143321,2.7799088644524943,3.136560138052624,2.9760191012490176,3.0404378123394995,2.942262665423057,2.657065353270214,2.847421287247678,2.9527416450062773,2.7431152567738235,2.5302177826161296,2.945884876783333
ENSG00000127184,3.3901775291362157,3.521077983646119,3.2928884657656745,3.2568382359224763,3.2749341626300765,3.230793568631982,2.971302036390089,3.126325740183723,3.1520679205457416,3.113846247995426,3.05781129208538
ENSG00000117525,3.6515210520733214,3.468652056085713,3.2422506325320066,3.4152893548028183,3.469740519522209,3.421048520603738,3.501394175648456,3.4668093549689423,3.4035483665237973,3.4799671052816605,3.5278418346651077
ENSG00000169567,3.0842831085952045,2.72465595944146,2.7903337728849547,2.6232822822664517,2.8600349418162354,2.80114350413161,2.6386720581217435,2.5301468796845668,2.930290605281077,2.77803099965418,2.819833373346176
ENSG00000237550,3.336030560756962,3.259921943519341,3.103155660693246,2.996867047359708,3.180009912578878,2.903107800963989,3.2833274407937187,3.298872106892584,3.333477615202958,3.1280077417286383,3.021876657129415
ENSG00000108107,3.0100251998614382,3.136560138052624,2.83033174590855,2.706034935182694,3.0751208866645143,2.9732900429207985,2.9200772468595333,3.111733097585172,2.8325564745289613,2.9261338919062436,2.56635820688419
ENSG00000110700,2.957267985910577,3.0380856566550207,2.941538395615248,3.0261241264936527,3.0034991002628986,2.9732900429207985,2.847421287247678,3.051135026631993,3.0878939115722583,2.9261338919062436,2.56635820688419
ENSG00000185641,2.7470309561500894,3.0380856566550207,2.7486690645314904,2.9513110441256023,2.7704351028600565,3.158381308575481,3.1252667508030485,3.0353938340617344,3.1520679205457416,3.1557429238411117,2.945884876783333
ENSG00000108602,0.941523565180066,1.003353929942884,0.8455493091481976,1.125127215985958,0.9149129498848552,1.16597993121885,0.5006118575280543,0.6883650555671055,0.2551894524726437,0.957445490744862,0.9172067097445066
ENSG00000167526,3.278783010268672,3.058571627792796,3.2422506325320066,3.054549504457584,3.180009912578878,3.158381308575481,3.004049870045528,2.986626595620599,2.9456897629806336,2.9599693657422064,2.9846024371720583
ENSG00000189159,3.4415425904847914,3.4551045770369906,2.8687912206897366,2.744977330018373,3.115754311962855,3.100409070506912,2.971302036390089,2.7210699427814067,3.188684211030504,2.6948492580261068,2.6224540728668497
ENSG00000087086,2.6035099057532824,2.309453831212128,2.0342198732465477,1.8005386372474168,1.8063683902457304,2.412488600473205,2.097653932290461,1.7837765086213295,1.918997297292776,1.8651823925452584,2.0490222138051717
ENSG00000158710,2.957267985910577,2.806188290740361,2.4539366213874554,3.1481201014912794,2.9263491519010416,2.5930709540492063,2.769069933789831,2.7636033957577584,2.5809481725109182,2.5800845271799484,2.5069276034413663
ENSG00000089157,3.196968414084671,3.2262008058153255,3.16113518340774,3.1979036636186624,3.1419540526407754,3.0803133042792856,3.233365877996701,3.0031480051672945,3.246880824083189,3.1693272838354574,2.6224540728668497
ENSG00000161970,3.2982319520185785,3.1551426452741778,3.009350409769369,3.109085373869432,3.2973212360843536,3.265123807232696,3.2954373223452595,3.1548873191715963,3.1010624099602917,3.1419714847439533,2.7740195691933027
ENSG00000197958,3.3173098376099186,3.0380856566550207,3.009350409769369,3.1481201014912794,3.204598997658998,3.0174830441749068,3.0815140923997784,2.9698276371823766,3.2123708036038834,3.039864653268056,2.9846024371720583
ENSG00000109971,3.1754243532599418,3.1176257725304803,3.2678900386788565,3.2218958705648566,2.97334954724195,3.059805401885426,2.9024021346432187,3.0353938340617344,3.074549687214033,3.0849070337887348,2.9846024371720583
ENSG00000198431,2.8117401358578245,2.5384509643215534,1.943286174321888,2.13188519661947,2.3300698122298296,2.451308227429758,2.4613437942509466,2.3584391029237017,2.2439467454330733,2.5043197970686464,2.3039587453607853
ENSG00000154582,3.372452319731047,3.4274462640945513,3.2928884657656745,3.2906007434205766,3.4973054073250998,3.5173250302026733,3.3424615549413086,3.1826557359114025,3.459933138935801,3.342351693639066,3.36011088635429
ENSG00000131469,3.3173098376099186,3.136560138052624,2.9760191012490176,2.9356525484333162,3.3192180831885776,3.059805401885426,3.1807762814228493,3.2359811588083063,3.2581244901428543,3.0086682723828284,2.819833373346176
ENSG00000164032,3.2982319520185785,3.3395620719248647,3.2159365099761072,3.1979036636186624,3.2635498341249214,2.950438904431433,3.066493878568555,3.1548873191715963,3.1766271418227947,3.1557429238411117,3.3065237202365427
ENSG00000105372,3.107858931243811,3.2262008058153255,3.1889111979009366,3.0404378123394995,3.0612010338394366,2.995630651354313,3.004049870045528,2.9527416450062773,3.139558359729112,2.8548217519374304,2.819833373346176
ENSG00000173812,2.983994467998088,2.951667926309592,2.905826181267292,2.9197449586443605,2.988537943892601,2.827625718170122,2.9374453677370336,3.1407084966861407,2.930290605281077,2.908776925251064,2.9056076788892424
ENSG00000186468,2.929807537759658,3.078646334964781,2.8687912206897366,3.1481201014912794,3.0327661984684884,2.995630651354313,2.8844089830241812,3.0194008881689447,2.930290605281077,2.9764672521070947,2.5069276034413663
ENSG00000149273,3.1754243532599418,3.136560138052624,3.1889111979009366,3.0404378123394995,2.988537943892601,2.9732900429207985,2.8844089830241812,2.899658984471011,2.975794429697644,2.627582247514544,2.945884876783333
ENSG00000119705,3.196968414084671,2.951667926309592,3.103155660693246,2.9197449586443605,2.789008843104237,3.0388681040673666,3.0200302159305794,2.8626375306542107,2.8987620929131417,2.908776925251064,2.675569635477776
ENSG00000106366,1.8266356568565487,1.8216810185251395,1.7320801114396989,1.979873409398733,1.9439413074674303,1.5117160613129583,1.5889049814964908,1.532919970315405,0.8975280590011101,0.8259399851384969,1.1797118194452545
ENSG00000106153,3.35440724914545,3.078646334964781,3.072854535637623,3.2336795109506355,3.2635498341249214,3.3615632815534764,3.3424615549413086,3.2488797535831635,3.188684211030504,3.3647954961928472,3.1898798928041554
ENSG00000005022,3.4415425904847914,3.259921943519341,3.1889111979009366,3.2453259127562433,3.0327661984684884,2.995630651354313,3.233365877996701,3.2096738553438056,3.2240069735708663,3.1959546264749363,3.126024274179163
ENSG00000229344,3.218058100224769,3.2262008058153255,3.364339597486257,3.3652109996497317,3.2520344088028508,3.1394282097452875,3.319225822985984,3.4029775212117954,3.2005976375112315,3.1827295794590817,2.819833373346176
ENSG00000142864,3.3173098376099186,3.4274462640945513,3.4935385124059306,3.2568382359224763,3.0888496342996827,3.2481060013587464,3.233365877996701,3.28660636385742,3.333477615202958,3.3536365591285824,3.0924992967699283
ENSG00000132475,3.2387121824417537,3.058571627792796,3.1325655663385645,3.0404378123394995,2.8600349418162354,3.0174830441749068,3.0963120338689114,3.0818930076693496,3.2692431405083866,3.113846247995426,3.2203409870036714
ENSG00000115310,2.7799088644524943,2.9739825108451683,3.1325655663385645,3.122266977882844,2.9579269007463145,2.903107800963989,2.433234844335313,2.899658984471011,2.8152967825960467,2.836169784003756,2.9056076788892424
ENSG00000136238,2.71303523555339,2.8319525534549435,2.612122169072556,2.601478015372653,2.270065611755776,2.878574760164208,2.5412197561846956,2.7425627890534443,2.8495233168439817,2.3934496771382205,2.3039587453607853
ENSG00000130726,2.983994467998088,3.0983259662941856,2.612122169072556,2.9513110441256023,2.8937416429733607,3.059805401885426,2.8844089830241812,3.111733097585172,2.685340127345893,2.7578752035584846,2.863639898271213
ENSG00000108953,3.336030560756962,3.3990011558651987,3.2159365099761072,3.1608002638819226,3.1548009296526702,3.195242737378209,3.0357592019142183,3.2229140138584995,2.990513586693754,2.8548217519374304,3.2203409870036714
ENSG00000136938,3.130891712552468,2.8815713193954786,3.2678900386788565,2.7638942158722997,3.0888496342996827,2.853424679688444,3.004049870045528,2.8241926215920494,3.0878939115722583,2.9764672521070947,3.3065237202365427
ENSG00000155506,3.1754243532599418,3.20890400475322,3.009350409769369,3.0116025801957034,3.0888496342996827,3.0388681040673666,2.789240773090167,2.7636033957577584,3.1644229237082886,2.7578752035584846,2.675569635477776
ENSG00000218227,3.0842831085952045,3.0983259662941856,3.1889111979009366,3.0116025801957034,3.192380031103144,2.950438904431433,3.004049870045528,2.899658984471011,3.1140597504498424,3.113846247995426,2.443740581876288
ENSG00000262902,3.1754243532599418,3.1176257725304803,3.072854535637623,2.9667281266411933,3.018239715924228,3.230793568631982,3.0963120338689114,2.917668111740643,2.975794429697644,3.0086682723828284,2.819833373346176
ENSG00000111716,3.35440724914545,3.3990011558651987,3.16113518340774,3.434638980021397,3.180009912578878,3.230793568631982,3.2204754803485955,3.0666322691641046,3.0878939115722583,3.0994813220041806,3.4109719339789675
ENSG00000108821,1.7390009033819025,1.1503402211255709,0.8455493091481976,1.125127215985958,1.2221543144585738,1.0178550611104666,0.9648240648746302,0.6883650555671055,0.4583182771506213,0.4959231436876418,1.5593496778625875
ENSG00000132341,3.0353954882059933,3.369723174486745,3.317277182323489,3.0261241264936527,3.180009912578878,3.0388681040673666,3.1108941856294763,3.0353938340617344,2.9608553784312313,3.0551053194005537,3.126024274179163
ENSG00000188846,3.0601380185832467,3.1176257725304803,2.8687912206897366,2.9667281266411933,3.0751208866645143,3.0174830441749068,2.6616203186014418,2.935358639584429,2.9608553784312313,2.737304779871814,2.726005662049133
ENSG00000225630,2.957267985910577,2.779742636556036,3.16113518340774,3.2336795109506355,3.3192180831885776,2.950438904431433,3.2204754803485955,3.0818930076693496,3.01931746278374,3.0849070337887348,3.249901566051052
ENSG00000026508,1.7390009033819025,2.3514492864544345,2.612122169072556,2.2942398221715004,2.064856497291994,2.372100934538747,2.433234844335313,2.2250366034351297,2.2439467454330733,1.8651823925452584,1.947218432174188
ENSG00000163466,3.0100251998614382,3.191302750575157,2.7903337728849547,2.6232822822664517,2.732219489868553,2.950438904431433,2.9200772468595333,2.784210402863724,2.8325564745289613,3.0086682723828284,2.819833373346176
ENSG00000114391,3.0100251998614382,3.0171712176250614,2.9760191012490176,2.9356525484333162,2.97334954724195,2.827625718170122,3.0963120338689114,3.2229140138584995,2.8495233168439817,3.070117190259132,2.443740581876288
ENSG00000197061,2.71303523555339,3.191302750575157,2.941538395615248,2.706034935182694,2.8600349418162354,2.488677035812789,2.7274650383022254,2.784210402863724,2.6448814530778506,2.8171632972148224,2.863639898271213
ENSG00000131747,3.0601380185832467,2.8319525534549435,3.16113518340774,3.0821891632331937,2.732219489868553,2.827625718170122,2.828401424527329,2.6536724656594326,2.797733953994658,2.873132184549092,2.3762900480414544
ENSG00000166598,2.9015716699228835,2.752578567797237,2.8687912206897366,2.8704450789951514,2.9101782977544075,2.950438904431433,2.9200772468595333,2.935358639584429,2.7242253507570835,2.6505110386333426,2.819833373346176
ENSG00000153187,2.9015716699228835,3.1176257725304803,2.7051926506149173,3.054549504457584,2.8937416429733607,2.827625718170122,2.8844089830241812,2.784210402863724,2.7242253507570835,2.7578752035584846,2.9056076788892424
ENSG00000174444,3.0353954882059933,3.058571627792796,2.9760191012490176,3.054549504457584,2.9263491519010416,2.5930709540492063,2.7274650383022254,2.8626375306542107,2.8826170600385943,2.836169784003756,2.5069276034413663
ENSG00000166441,2.8117401358578245,2.951667926309592,2.7051926506149173,2.7638942158722997,2.7125496910537987,2.3300132025472178,2.769069933789831,2.7210699427814067,2.779857149932886,2.6041153650220688,2.56635820688419
ENSG00000161011,1.4177371591616834,1.6711979182348191,1.7320801114396989,2.166533415171936,1.7559570316219733,1.4092030443440948,1.9238943204692895,1.9376981648133784,1.7820464717602986,1.2720201853206812,1.5593496778625875
ENSG00000242071,3.130891712552468,3.0380856566550207,3.041606484772037,2.887149886094309,2.789008843104237,3.0174830441749068,2.9024021346432187,2.935358639584429,3.1010624099602917,2.5554619592236025,1.3874392024216788
ENSG00000187109,3.0353954882059933,2.779742636556036,2.9760191012490176,2.981911127021033,2.789008843104237,2.7739408606177527,2.6616203186014418,2.917668111740643,2.7242253507570835,2.8911133649354883,2.9056076788892424
ENSG00000008394,3.2982319520185785,2.9739825108451683,3.041606484772037,3.0116025801957034,2.8251523482948606,3.0388681040673666,2.789240773090167,2.7636033957577584,2.704971734719701,2.5554619592236025,2.5069276034413663
ENSG00000135506,3.372452319731047,3.508226913135023,3.1889111979009366,3.2218958705648566,3.216670461587777,3.120108939707846,3.2833274407937187,3.4564496705265375,3.2581244901428543,3.024388109665253,3.3336762084023035
ENSG00000138668,3.0842831085952045,2.752578567797237,2.659739783593221,2.706034935182694,2.7125496910537987,2.6875895858852368,2.809012781138686,2.8435998161256606,2.488801783625572,2.737304779871814,2.819833373346176
ENSG00000102317,2.5232044791625534,3.0983259662941856,2.612122169072556,2.6232822822664517,2.3300698122298296,3.1394282097452875,2.5911325565940992,3.0818930076693496,2.3872945794703218,3.1557429238411117,2.7740195691933027
ENSG00000165119,2.7470309561500894,3.0380856566550207,2.7486690645314904,2.8534564738119985,2.8937416429733607,2.7459774913169404,2.866086136593398,2.7636033957577584,2.8826170600385943,2.77803099965418,2.945884876783333
ENSG00000243859,3.218058100224769,3.078646334964781,3.16113518340774,2.836174260750944,3.180009912578878,2.9732900429207985,3.153406630171502,3.0969243523687617,3.005019229063561,3.1959546264749363,2.726005662049133
ENSG00000117450,2.6413669755480282,2.9739825108451683,2.7903337728849547,2.744977330018373,3.10239245311238,2.903107800963989,2.70599494256096,2.6536724656594326,2.602716602315934,2.8171632972148224,2.3762900480414544
ENSG00000219928,3.0100251998614382,3.0983259662941856,3.041606484772037,2.8006871468137056,2.8427457367611098,2.7739408606177527,2.9545169794721606,2.9698276371823766,2.7242253507570835,2.6505110386333426,2.3762900480414544
ENSG00000150687,2.983994467998088,2.9054869791678484,2.905826181267292,2.7824598867702033,2.942262665423057,2.657065353270214,2.9374453677370336,2.4479739177566144,2.7242253507570835,2.77803099965418,2.5069276034413663
ENSG00000104904,2.7470309561500894,2.8815713193954786,2.332609671946015,2.7256956843880458,2.465997068683663,2.717209621519688,2.7274650383022254,2.4190106462667242,2.602716602315934,2.3014030901326827,2.22598483706381
ENSG00000119335,3.0842831085952045,3.078646334964781,3.16113518340774,2.685979875523026,2.7515098393912547,2.80114350413161,2.9024021346432187,2.784210402863724,2.975794429697644,2.7578752035584846,2.726005662049133
ENSG00000100345,2.957267985910577,3.0380856566550207,3.103155660693246,3.0404378123394995,2.8427457367611098,2.7459774913169404,2.7484838413584374,2.676646719185408,2.535935972401916,2.77803099965418,2.5069276034413663
ENSG00000170421,3.0601380185832467,2.9288440140377667,3.16113518340774,3.1608002638819226,3.0327661984684884,2.927053355732266,2.6840537487955904,3.0353938340617344,3.1520679205457416,2.8548217519374304,2.675569635477776
ENSG00000075415,2.389184996784349,2.9739825108451683,2.7486690645314904,2.685979875523026,2.7704351028600565,2.7459774913169404,2.6386720581217435,2.7636033957577584,2.9146505998374588,2.908776925251064,2.726005662049133
ENSG00000110958,2.929807537759658,2.779742636556036,3.009350409769369,2.836174260750944,2.5856395935587795,2.950438904431433,2.789240773090167,2.4479739177566144,2.685340127345893,2.9764672521070947,2.863639898271213
ENSG00000213585,2.8117401358578245,3.0171712176250614,2.83033174590855,2.9356525484333162,2.942262665423057,2.878574760164208,2.9024021346432187,2.5301468796845668,3.01931746278374,2.836169784003756,3.2203409870036714
ENSG00000110321,2.983994467998088,2.9958100041656404,2.4539366213874554,2.8006871468137056,2.7125496910537987,2.5594694808815084,2.6386720581217435,2.5301468796845668,2.3872945794703218,2.8911133649354883,2.675569635477776
ENSG00000181163,3.0601380185832467,2.9739825108451683,2.905826181267292,2.996867047359708,3.0327661984684884,2.9732900429207985,2.9200772468595333,2.8241926215920494,2.5809481725109182,2.77803099965418,2.3039587453607853
ENSG00000117523,2.9015716699228835,3.1733861331727025,2.7903337728849547,3.0261241264936527,3.018239715924228,2.5594694808815084,3.0200302159305794,2.881319571284929,2.8495233168439817,2.873132184549092,3.0924992967699283
ENSG00000169100,2.929807537759658,3.0380856566550207,2.7051926506149173,2.6446212505595708,2.5856395935587795,2.5246995738640385,2.4613437942509466,2.8044013211464702,2.6448814530778506,2.234967018941043,2.56635820688419
ENSG00000008018,2.5641630961335684,2.6663569225350594,2.332609671946015,2.6446212505595708,2.102117243697052,2.80114350413161,2.4886841852663344,2.5561028800427184,2.180311846641641,2.5554619592236025,2.443740581876288
ENSG00000270906,2.71303523555339,2.857069657601491,2.941538395615248,3.0957276915941616,2.97334954724195,2.853424679688444,3.0357592019142183,3.1826557359114025,2.8826170600385943,3.209007052065561,2.3039587453607853
ENSG00000167642,3.5216901790682047,3.3241333813478686,3.2159365099761072,2.8534564738119985,3.0327661984684884,3.0388681040673666,3.3074023075931374,3.274188302134795,2.7616549397016037,3.0551053194005537,3.0924992967699283
ENSG00000130402,3.0601380185832467,2.695931228049864,3.041606484772037,2.6446212505595708,2.7515098393912547,2.7459774913169404,2.9200772468595333,2.3891834184862977,2.975794429697644,2.5800845271799484,2.9056076788892424
ENSG00000221983,2.71303523555339,2.857069657601491,2.194503286002198,2.459612213447912,2.515584580233269,2.5594694808815084,2.4886841852663344,2.3891834184862977,2.665315389298337,2.5302177826161296,2.5069276034413663
ENSG00000176340,2.435882527167609,3.0171712176250614,2.83033174590855,2.380340632982969,2.8427457367611098,2.950438904431433,2.5911325565940992,2.676646719185408,2.6240212455661163,2.5043197970686464,2.22598483706381
ENSG00000108424,3.0842831085952045,3.078646334964781,2.7051926506149173,2.8704450789951514,2.9263491519010416,3.176981858978544,2.866086136593398,2.3891834184862977,2.5809481725109182,2.9261338919062436,2.726005662049133
ENSG00000206503,1.8266356568565487,1.8216810185251395,1.8432488097967388,1.8005386372474168,1.7028688275942758,1.5117160613129583,1.5889049814964908,1.7837765086213295,1.6790743939249195,0.6744841194280187,1.1797118194452545
ENSG00000099783,3.0842831085952045,2.9739825108451683,2.941538395615248,2.6446212505595708,2.7704351028600565,2.488677035812789,2.6386720581217435,2.6536724656594326,2.8987620929131417,2.6948492580261068,2.945884876783333
ENSG00000122565,2.7799088644524943,2.72465595944146,2.8687912206897366,2.7256956843880458,2.7704351028600565,2.6255799767242594,2.70599494256096,2.5561028800427184,2.602716602315934,2.3934496771382205,2.443740581876288
ENSG00000156508,2.8117401358578245,2.6358812525486184,2.7486690645314904,2.8006871468137056,2.5856395935587795,2.717209621519688,2.5911325565940992,2.7425627890534443,2.866207081674417,2.7578752035584846,2.1414128996313955
ENSG00000044574,3.1534059069360643,2.806188290740361,2.5621232530421887,2.7256956843880458,2.672009898488569,2.7459774913169404,2.7484838413584374,2.8044013211464702,2.9146505998374588,2.6041153650220688,2.5069276034413663
ENSG00000147889,3.474376396964065,3.508226913135023,3.317277182323489,3.054549504457584,3.0888496342996827,2.927053355732266,3.153406630171502,3.274188302134795,2.9146505998374588,2.9764672521070947,3.249901566051052
ENSG00000198668,2.5232044791625534,2.5037440563004294,2.5621232530421887,2.380340632982969,2.539485720381013,2.5594694808815084,2.4886841852663344,2.7636033957577584,2.7242253507570835,2.422340729530659,2.56635820688419
ENSG00000234851,2.677843010628103,2.695931228049864,2.5094922676809914,2.380340632982969,2.8770303033851587,2.657065353270214,2.6386720581217435,2.7636033957577584,2.6240212455661163,2.672925862916212,2.6224540728668497
ENSG00000126777,2.6413669755480282,2.6663569225350594,2.194503286002198,2.6655143647861603,2.7125496910537987,2.451308227429758,2.343831661134702,2.5034991715362125,2.4136535814465607,2.627582247514544,2.3762900480414544
ENSG00000171863,3.0842831085952045,2.6663569225350594,2.941538395615248,3.0957276915941616,2.6079415370416053,2.6875895858852368,2.828401424527329,2.8626375306542107,2.665315389298337,2.908776925251064,2.3039587453607853
ENSG00000144713,2.957267985910577,2.806188290740361,2.7486690645314904,2.7638942158722997,2.8600349418162354,2.412488600473205,2.809012781138686,2.784210402863724,2.4136535814465607,2.627582247514544,2.22598483706381
ENSG00000170515,2.7799088644524943,3.1551426452741778,2.8687912206897366,3.0684648246480064,2.8770303033851587,2.7739408606177527,2.9545169794721606,2.676646719185408,2.797733953994658,2.836169784003756,2.726005662049133
ENSG00000063177,2.5232044791625534,2.857069657601491,3.009350409769369,2.5330587458097407,2.6511065642734972,2.7739408606177527,3.0815140923997784,2.4479739177566144,2.6448814530778506,2.234967018941043,2.3039587453607853
ENSG00000169564,3.130891712552468,3.2262008058153255,2.905826181267292,2.200021228456535,2.491098158135223,2.6255799767242594,2.769069933789831,2.676646719185408,2.488801783625572,2.5800845271799484,2.7740195691933027
ENSG00000124172,2.7799088644524943,2.806188290740361,2.4539366213874554,2.6655143647861603,2.8600349418162354,2.488677035812789,2.6616203186014418,2.784210402863724,2.9608553784312313,2.7163023109465234,2.5069276034413663
ENSG00000196531,3.0601380185832467,3.0380856566550207,2.83033174590855,2.6232822822664517,2.672009898488569,2.488677035812789,2.5152969293346747,2.917668111740643,2.930290605281077,2.6948492580261068,2.9056076788892424
ENSG00000009307,3.130891712552468,2.9288440140377667,3.1325655663385645,3.054549504457584,2.8937416429733607,2.927053355732266,2.809012781138686,2.8435998161256606,2.8826170600385943,2.5043197970686464,3.0924992967699283
ENSG00000237973,2.7799088644524943,2.779742636556036,2.941538395615248,2.836174260750944,2.8251523482948606,2.372100934538747,2.769069933789831,2.784210402863724,2.704971734719701,2.9261338919062436,2.5069276034413663
ENSG00000283429,3.0100251998614382,2.857069657601491,2.5621232530421887,2.6446212505595708,2.988537943892601,2.7739408606177527,2.809012781138686,2.5301468796845668,2.535935972401916,2.8911133649354883,2.7740195691933027
ENSG00000125868,2.8725153145830737,2.6044475427180047,2.395112047787219,2.685979875523026,2.8600349418162354,2.6875895858852368,2.5911325565940992,2.6991049885520875,2.6448814530778506,2.627582247514544,2.22598483706381
ENSG00000161016,2.7470309561500894,2.951667926309592,2.8687912206897366,2.9035802213350266,2.9101782977544075,2.6255799767242594,2.809012781138686,2.6301579595884625,2.685340127345893,2.5800845271799484,2.56635820688419
ENSG00000006327,2.435882527167609,2.752578567797237,2.332609671946015,2.6655143647861603,2.6079415370416053,2.451308227429758,2.6616203186014418,2.151007941877523,2.3602219269555587,2.0465489914439448,2.6224540728668497
ENSG00000235297,2.8725153145830737,3.0171712176250614,2.941538395615248,2.484698567267668,2.491098158135223,2.6255799767242594,2.847421287247678,2.7636033957577584,2.558695313348544,2.873132184549092,2.675569635477776
ENSG00000140416,2.9015716699228835,2.857069657601491,2.395112047787219,2.9197449586443605,3.0470846802320892,2.6255799767242594,2.847421287247678,2.6991049885520875,2.866207081674417,2.8548217519374304,3.0924992967699283
ENSG00000196924,2.677843010628103,3.078646334964781,3.103155660693246,2.7256956843880458,2.8251523482948606,2.9732900429207985,2.8844089830241812,2.6536724656594326,2.8495233168439817,2.450420473716831,2.675569635477776
ENSG00000172115,2.983994467998088,2.806188290740361,2.659739783593221,2.6655143647861603,2.629756935025604,2.80114350413161,2.866086136593398,2.6301579595884625,2.779857149932886,2.737304779871814,2.5069276034413663
ENSG00000143761,2.435882527167609,2.6663569225350594,2.1175694944688788,2.685979875523026,2.6924852150526224,2.5930709540492063,2.56648753502476,2.5034991715362125,2.512646556280003,2.004197054157182,2.1414128996313955
ENSG00000164924,2.6035099057532824,2.752578567797237,2.612122169072556,2.43388030514666,2.8427457367611098,2.657065353270214,2.6386720581217435,2.676646719185408,2.535935972401916,2.627582247514544,2.3039587453607853
ENSG00000131236,3.0842831085952045,3.0983259662941856,3.103155660693246,2.8006871468137056,3.1548009296526702,2.80114350413161,3.004049870045528,2.6991049885520875,2.8495233168439817,2.873132184549092,2.443740581876288
ENSG00000111669,3.1754243532599418,2.9739825108451683,2.7903337728849547,3.054549504457584,2.8770303033851587,3.0174830441749068,2.847421287247678,2.9527416450062773,3.074549687214033,2.992697369858837,2.9846024371720583
ENSG00000011304,2.842589356975087,3.1176257725304803,2.5621232530421887,2.2942398221715004,2.6511065642734972,2.80114350413161,2.6840537487955904,2.5301468796845668,2.975794429697644,2.3330360826740586,2.9056076788892424
ENSG00000164111,2.288690330418187,2.571993598287207,2.395112047787219,2.166533415171936,2.206229769791662,2.6875895858852368,2.245643741973999,2.326719510962986,2.112350687559125,2.1262241646569886,2.5069276034413663
ENSG00000145741,2.5232044791625534,2.5037440563004294,2.659739783593221,2.6446212505595708,2.6079415370416053,2.7459774913169404,2.70599494256096,2.5561028800427184,2.488801783625572,2.5800845271799484,1.947218432174188
ENSG00000118181,2.957267985910577,2.752578567797237,2.7903337728849547,2.4074687383390714,2.515584580233269,2.7739408606177527,2.809012781138686,2.8626375306542107,2.779857149932886,2.3934496771382205,2.5069276034413663
ENSG00000147403,2.677843010628103,2.779742636556036,2.8687912206897366,2.7824598867702033,2.6511065642734972,2.878574760164208,2.4613437942509466,2.6536724656594326,2.7616549397016037,2.6948492580261068,2.3762900480414544
ENSG00000106803,2.677843010628103,2.6044475427180047,2.7486690645314904,2.352456023311121,2.138039356080488,2.5594694808815084,2.4613437942509466,2.784210402863724,2.2439467454330733,2.004197054157182,2.7740195691933027
ENSG00000142089,1.981765143851296,1.3920215809947856,1.8432488097967388,1.6971643667905076,1.306656889096427,1.689751109143946,1.97024568578297,1.0922310265363588,1.623318283324109,1.2720201853206812,2.0490222138051717
ENSG00000150991,2.5641630961335684,2.8319525534549435,2.395112047787219,2.5091709664144837,2.270065611755776,2.2401191773187983,2.769069933789831,2.5561028800427184,2.3602219269555587,2.6041153650220688,1.8338635979715132
ENSG00000100097,2.4804963409059084,2.3917519732811154,1.943286174321888,2.0200969749905093,2.0261534740388503,2.088030949626998,2.097653932290461,1.601775496823157,2.3602219269555587,1.7604580092244055,1.7059969450600094
ENSG00000181524,2.71303523555339,2.8815713193954786,3.2422506325320066,2.706034935182694,2.6079415370416053,2.878574760164208,2.6840537487955904,2.8044013211464702,2.8826170600385943,2.9261338919062436,2.5069276034413663
ENSG00000103187,2.5641630961335684,2.3917519732811154,2.7051926506149173,2.484698567267668,2.465997068683663,2.657065353270214,2.4043128731011283,2.2600923681785776,2.558695313348544,2.3934496771382205,2.726005662049133
ENSG00000204525,1.7390009033819025,1.5865134714122782,1.6069890837195968,1.6971643667905076,0.7872049097540249,1.6046904234017885,1.5202824910847432,1.1972714076684876,1.5015126666963874,1.1777458874033633,1.1797118194452545
ENSG00000111057,3.0100251998614382,2.857069657601491,2.7486690645314904,2.9513110441256023,2.8600349418162354,2.903107800963989,2.8844089830241812,3.0031480051672945,2.930290605281077,2.873132184549092,2.726005662049133
ENSG00000088832,2.8725153145830737,2.4677891343364937,2.612122169072556,2.836174260750944,2.515584580233269,2.451308227429758,2.56648753502476,2.476121876876139,2.704971734719701,2.5302177826161296,2.56635820688419
ENSG00000131143,2.9015716699228835,2.752578567797237,2.659739783593221,2.5330587458097407,2.6511065642734972,2.6875895858852368,2.828401424527329,2.5561028800427184,2.7431152567738235,2.5554619592236025,2.22598483706381
ENSG00000089280,2.5232044791625534,3.078646334964781,2.5621232530421887,2.3237715036903843,2.413821755312331,2.5246995738640385,2.7274650383022254,2.151007941877523,2.4136535814465607,2.6505110386333426,2.3039587453607853
ENSG00000140264,2.3401995299890537,2.571993598287207,2.7903337728849547,2.200021228456535,2.6079415370416053,2.1413388149122516,2.2106484639751343,1.8889767132421191,2.076555757340844,2.1638011006211717,2.5069276034413663
ENSG00000182774,3.0353954882059933,2.695931228049864,2.659739783593221,2.484698567267668,2.732219489868553,2.903107800963989,2.4886841852663344,2.5301468796845668,2.5809481725109182,2.8911133649354883,2.0490222138051717
ENSG00000113739,2.389184996784349,2.309453831212128,2.2659387583514485,2.3237715036903843,2.539485720381013,2.286075966975496,2.2106484639751343,1.7837765086213295,1.9607746414466645,2.1638011006211717,2.0490222138051717
ENSG00000102172,2.8725153145830737,2.9288440140377667,2.659739783593221,2.8006871468137056,2.9579269007463145,2.853424679688444,2.8844089830241812,2.676646719185408,2.779857149932886,2.6505110386333426,2.9056076788892424
ENSG00000173113,2.389184996784349,2.4677891343364937,2.0342198732465477,2.5330587458097407,2.5628289058407345,2.1919481955522104,2.433234844335313,2.1887071466327632,2.2126353856990386,2.0871798849030068,2.56635820688419
ENSG00000117724,2.6413669755480282,2.695931228049864,2.83033174590855,2.9197449586443605,2.7515098393912547,2.1919481955522104,2.1743839655517982,2.4190106462667242,2.2126353856990386,2.3330360826740586,2.726005662049133
ENSG00000123689,3.3901775291362157,2.9958100041656404,2.941538395615248,2.887149886094309,3.10239245311238,2.80114350413161,2.9024021346432187,2.899658984471011,2.990513586693754,2.6948492580261068,3.021876657129415
ENSG00000139644,2.5232044791625534,2.6044475427180047,2.2659387583514485,2.484698567267668,2.413821755312331,2.412488600473205,2.3121615982006736,2.476121876876139,2.488801783625572,2.3636990358420187,2.3039587453607853
ENSG00000170889,2.71303523555339,2.779742636556036,2.332609671946015,2.6446212505595708,2.172715691922316,2.286075966975496,2.4886841852663344,2.5561028800427184,2.685340127345893,2.3934496771382205,2.3039587453607853
ENSG00000245910,3.1754243532599418,3.0380856566550207,3.041606484772037,2.9513110441256023,2.6924852150526224,2.927053355732266,2.5911325565940992,2.8435998161256606,2.7616549397016037,2.873132184549092,2.945884876783333
ENSG00000062716,2.5232044791625534,2.5037440563004294,2.8687912206897366,2.0587649741737533,2.064856497291994,2.088030949626998,2.097653932290461,2.151007941877523,1.5642689056891417,1.9136998046446296,2.443740581876288
ENSG00000158417,2.7470309561500894,2.6044475427180047,2.7051926506149173,2.887149886094309,2.789008843104237,2.5594694808815084,3.0200302159305794,2.899658984471011,2.930290605281077,2.797788553311294,2.9056076788892424
ENSG00000088247,2.6413669755480282,2.6358812525486184,2.612122169072556,2.7638942158722997,2.6079415370416053,2.657065353270214,2.3121615982006736,2.7636033957577584,2.665315389298337,2.5800845271799484,2.5069276034413663
ENSG00000088986,2.8725153145830737,2.857069657601491,2.83033174590855,2.380340632982969,2.5856395935587795,2.853424679688444,2.6840537487955904,2.6060771791392203,2.3602219269555587,2.7578752035584846,2.443740581876288
ENSG00000113810,2.6413669755480282,2.72465595944146,2.659739783593221,2.5791877049152414,2.7125496910537987,1.7681402545969311,2.7484838413584374,2.4190106462667242,2.5809481725109182,2.4777332335760707,2.0490222138051717
ENSG00000130826,2.4804963409059084,2.8319525534549435,2.8687912206897366,2.7824598867702033,3.3511897751240625,2.878574760164208,3.0963120338689114,2.5814021759324444,2.779857149932886,2.7163023109465234,2.9846024371720583
ENSG00000198258,2.677843010628103,3.1176257725304803,2.2659387583514485,2.5791877049152414,2.440249656323187,2.5594694808815084,2.343831661134702,2.7210699427814067,2.2743073965860763,2.5554619592236025,2.22598483706381
ENSG00000106028,2.842589356975087,2.6663569225350594,2.612122169072556,2.43388030514666,2.465997068683663,2.80114350413161,2.6386720581217435,2.676646719185408,2.535935972401916,2.7578752035584846,2.6224540728668497
ENSG00000057019,2.435882527167609,2.8319525534549435,2.5621232530421887,2.601478015372653,2.629756935025604,2.657065353270214,2.5911325565940992,2.5561028800427184,2.704971734719701,2.5800845271799484,1.947218432174188
ENSG00000175606,2.7799088644524943,3.3547563304094314,2.83033174590855,3.109085373869432,2.5628289058407345,3.298314493457464,2.6616203186014418,3.0353938340617344,2.779857149932886,2.5800845271799484,2.675569635477776
ENSG00000242299,2.288690330418187,2.9054869791678484,2.83033174590855,2.685979875523026,2.5856395935587795,2.717209621519688,2.6151847812854334,2.2939607339836967,2.602716602315934,2.9599693657422064,2.1414128996313955
ENSG00000147065,2.983994467998088,2.752578567797237,3.041606484772037,2.3237715036903843,2.5856395935587795,2.717209621519688,2.6386720581217435,2.2939607339836967,2.685340127345893,2.450420473716831,2.1414128996313955
ENSG00000142669,2.435882527167609,2.8815713193954786,1.943286174321888,2.3237715036903843,2.3300698122298296,2.286075966975496,2.433234844335313,2.2600923681785776,2.3602219269555587,2.0871798849030068,2.6224540728668497
ENSG00000075618,2.435882527167609,2.2197703657889907,2.1175694944688788,2.263809412174763,1.6468034764417927,2.286075966975496,2.014543438433449,2.151007941877523,2.2743073965860763,2.3934496771382205,1.7059969450600094
ENSG00000125356,3.196968414084671,2.951667926309592,2.905826181267292,2.459612213447912,2.6924852150526224,2.878574760164208,2.6151847812854334,2.8241926215920494,2.7431152567738235,2.6041153650220688,3.0924992967699283
ENSG00000171345,2.6035099057532824,2.857069657601491,2.9760191012490176,2.6232822822664517,2.8770303033851587,2.488677035812789,2.6386720581217435,2.8241926215920494,2.8826170600385943,2.873132184549092,2.863639898271213
ENSG00000137309,2.71303523555339,2.571993598287207,2.332609671946015,2.352456023311121,2.172715691922316,2.0317205459599017,2.245643741973999,2.2939607339836967,2.180311846641641,2.0465489914439448,2.0490222138051717
ENSG00000167283,2.8725153145830737,2.8815713193954786,2.7486690645314904,2.7638942158722997,2.358773599664412,2.5930709540492063,2.245643741973999,2.7636033957577584,2.512646556280003,2.5043197970686464,2.819833373346176
ENSG00000188229,2.5641630961335684,2.6358812525486184,2.9760191012490176,2.352456023311121,2.491098158135223,2.6255799767242594,2.5911325565940992,2.676646719185408,2.685340127345893,2.2687366720465336,1.947218432174188
ENSG00000131711,1.981765143851296,2.5037440563004294,2.194503286002198,2.200021228456535,2.440249656323187,2.2401191773187983,2.1367547057079483,2.3891834184862977,2.180311846641641,2.1262241646569886,1.947218432174188
ENSG00000150093,2.9015716699228835,2.752578567797237,2.7903337728849547,2.5791877049152414,2.7125496910537987,2.2401191773187983,2.769069933789831,2.784210402863724,2.3872945794703218,2.2687366720465336,2.3039587453607853
ENSG00000119707,2.5641630961335684,2.72465595944146,2.83033174590855,2.9513110441256023,2.539485720381013,2.3300132025472178,2.7484838413584374,2.5301468796845668,2.3323959028671397,2.234967018941043,2.3762900480414544
ENSG00000112081,2.7470309561500894,2.806188290740361,2.7051926506149173,2.5791877049152414,2.465997068683663,2.5594694808815084,2.0569618562523564,2.5814021759324444,2.4393355930389315,2.422340729530659,2.3762900480414544
ENSG00000142534,2.8117401358578245,2.4304930860071186,2.7486690645314904,2.2942398221715004,2.440249656323187,2.717209621519688,2.3121615982006736,2.3584391029237017,2.7431152567738235,2.5302177826161296,2.443740581876288
ENSG00000150753,2.677843010628103,2.6663569225350594,2.4539366213874554,2.685979875523026,2.6079415370416053,2.80114350413161,2.433234844335313,2.326719510962986,2.4136535814465607,2.450420473716831,2.22598483706381
ENSG00000232573,2.7799088644524943,2.6663569225350594,2.4539366213874554,2.4074687383390714,2.386676417101422,2.5594694808815084,2.4043128731011283,2.6060771791392203,2.6240212455661163,2.5800845271799484,1.947218432174188
ENSG00000091527,2.842589356975087,2.9054869791678484,2.5094922676809914,2.9197449586443605,2.8251523482948606,2.717209621519688,2.971302036390089,2.917668111740643,2.6448814530778506,2.873132184549092,2.1414128996313955
ENSG00000119888,2.677843010628103,3.058571627792796,2.9760191012490176,3.0261241264936527,2.8251523482948606,2.827625718170122,2.3745294445683767,2.5301468796845668,2.8152967825960467,2.5302177826161296,2.7740195691933027
ENSG00000160789,2.0511492701049217,1.6711979182348191,2.194503286002198,1.8942207677863372,1.8543599417572143,1.9085896982075397,2.0569618562523564,2.151007941877523,1.918997297292776,1.6434695703519833,1.3874392024216788
ENSG00000135046,2.3401995299890537,2.571993598287207,2.9760191012490176,2.484698567267668,2.386676417101422,2.372100934538747,2.3121615982006736,2.2600923681785776,2.3323959028671397,2.3636990358420187,2.0490222138051717
ENSG00000127022,2.4804963409059084,2.5037440563004294,2.7486690645314904,2.380340632982969,2.515584580233269,2.3300132025472178,2.4043128731011283,2.2600923681785776,2.303773374759519,2.4777332335760707,2.0490222138051717
ENSG00000105323,3.0100251998614382,2.4304930860071186,2.612122169072556,2.6655143647861603,2.7125496910537987,2.6255799767242594,2.4613437942509466,2.6991049885520875,2.8325564745289613,2.3636990358420187,2.56635820688419
ENSG00000149806,2.71303523555339,2.6663569225350594,2.905826181267292,2.43388030514666,2.440249656323187,2.372100934538747,2.56648753502476,2.4190106462667242,2.535935972401916,2.7578752035584846,2.3762900480414544
ENSG00000125835,2.435882527167609,2.5384509643215534,2.332609671946015,2.459612213447912,2.6511065642734972,2.5930709540492063,2.279455646301881,2.1887071466327632,2.180311846641641,2.2687366720465336,2.3039587453607853
ENSG00000165502,2.8117401358578245,2.72465595944146,2.395112047787219,2.601478015372653,2.672009898488569,2.5930709540492063,2.6840537487955904,2.6301579595884625,2.685340127345893,2.6505110386333426,1.947218432174188
ENSG00000213315,2.5641630961335684,2.779742636556036,2.2659387583514485,2.6446212505595708,2.515584580233269,2.657065353270214,2.433234844335313,2.7210699427814067,2.6240212455661163,2.7578752035584846,1.947218432174188
ENSG00000106263,2.5232044791625534,2.6358812525486184,2.395112047787219,2.4074687383390714,2.465997068683663,2.2401191773187983,2.433234844335313,2.4479739177566144,2.2126353856990386,2.3330360826740586,2.675569635477776
ENSG00000105971,2.5232044791625534,2.6044475427180047,2.7903337728849547,2.7824598867702033,2.7125496910537987,2.7459774913169404,2.828401424527329,2.5301468796845668,2.6448814530778506,2.7163023109465234,2.675569635477776
ENSG00000149925,2.8725153145830737,2.4304930860071186,2.659739783593221,2.6655143647861603,2.6924852150526224,2.488677035812789,2.7274650383022254,2.4479739177566144,2.558695313348544,2.4777332335760707,2.5069276034413663
