,I18,I20,I21,I22,I23,I24,J18,J19,J20,J21,J22,J23,J24
ENSG00000210082,6.200476542135186,6.09144300881347,6.296848139458282,6.38006211942508,6.2722337611035215,6.110690149919118,6.1867071629685695,6.377618793547934,6.188593427059361,6.208835997399993,6.304076464723505,6.455957611847947,6.35968567098563
ENSG00000198886,5.384806620404057,5.492479766306975,5.368710226468967,5.251626912560707,5.45673658600448,5.50771833412606,5.3317267400790636,5.3389161276586234,5.463485905510481,5.326524359042608,5.369956284718871,5.390597037548761,5.5206026076202575
ENSG00000198938,5.606020593007606,5.512662853764996,5.670810246234625,5.671688133713481,5.6761334540753206,5.380198707122569,5.612941308270333,5.651045095106038,5.504739924958472,5.636306960263898,5.682149338031051,5.6401642933230764,5.591683789740447
ENSG00000198727,5.294992745238103,5.270365090710177,5.285263457336295,5.130271786328633,5.126282459902628,5.3201420901538174,5.266812168191951,5.180468478593089,5.260746675319808,5.127855857455795,5.263289086622356,5.052651254560616,5.28958881955905
ENSG00000198888,5.079979819904468,5.293593792289416,5.110978928071713,5.124389712260998,5.187935403414452,5.318553735380496,5.031612392352275,5.090713021772771,5.219373239032593,5.114238792650596,5.133532577797482,5.097829483241765,5.224396334081787
ENSG00000132432,4.129609632735238,4.403623294763879,3.9703584926731095,3.798338815957401,3.483138061172535,4.512939350452112,3.8958793137483143,3.683535193234852,3.953166310991038,3.654206777107921,3.6979169836149204,3.885996073301102,4.054840968883377
ENSG00000198712,5.199355024083938,5.173805760171202,5.082580328090983,5.159174103902753,5.272380271123469,5.0503300508754165,5.288921891211462,5.229331421251344,5.375491958993964,5.17087273002168,5.046742259879428,5.102237044572363,5.278388763409093
ENSG00000198899,4.997883220048648,5.109213386648613,5.1331310675685,5.217278984633448,5.085289516278938,5.076993790567702,5.129219124254112,5.070955210465705,5.2077860266691856,5.035838131968086,5.16758397283091,5.157834661304687,5.023160674317856
ENSG00000198840,4.691192193394196,4.829647450444172,4.6584395876002915,4.650278336521167,4.435723515334487,4.888208088413907,4.679241214981376,4.662637963244555,4.818522882731405,4.505682496909473,4.528845027472129,4.612827319177501,4.623394107711343
ENSG00000198786,4.322489816596177,4.650136997271883,4.421056803353289,4.440102715177843,4.228763352422385,4.735312439419504,4.341453531688615,4.1175022050669146,4.464487663870292,4.089940107981904,4.385941322886921,4.370457657909189,4.450222044153567
ENSG00000198763,4.740508179432308,4.968631609675062,4.613418104480454,4.774874261164071,4.723782250365057,4.958978580448677,4.67419952219516,4.748862236955428,4.715967280593466,4.601706163988535,4.713592164158606,4.727909750074866,4.904989040469108
ENSG00000269028,3.8324726195685943,4.056142310772233,3.8592912485825175,3.862865464280312,3.566139775098198,4.095092616990376,3.6185874334231585,3.996572419532041,3.790829262827812,3.624243604639143,3.6379308756444675,4.254254055784777,4.041996995998359
ENSG00000075624,4.975310180485079,4.911414857469852,5.152119647715683,4.92241840080878,5.119565938300177,4.749453650413487,5.02094928324866,5.026063032335275,5.034289902839756,5.024654568101804,5.1300627869691455,5.024530974379852,5.141827110197703
ENSG00000212907,3.8083212605320718,4.247627003335333,3.8882357960881357,3.7411915764024823,3.767463969786638,4.42368814174507,3.6185874334231585,3.409465179780162,3.806725574287823,3.778929473133176,3.52343078516729,3.855865689342757,3.707377264197236
ENSG00000184009,4.696234684454595,4.6610017291077375,4.790234028710879,4.611629375622148,4.880950141037474,4.5849913135110185,4.793191238327158,4.703802644280845,4.783515311644116,4.769856928314385,4.94753411952136,4.6411211111037,4.726324212073499
ENSG00000228253,4.514732749519083,4.6054577089228825,4.45938538329651,4.440102715177843,4.401769999063837,4.633453162678242,4.5676288633851385,4.434337286687597,4.5505393645561005,4.460587335115652,4.1749800268925705,4.361273440057905,4.492295041272503
ENSG00000211459,4.787505975138114,4.6054577089228825,4.604165363172533,4.687488972634876,4.656494957082522,4.476714319373898,4.573235940731437,4.887493774004358,4.663807278931615,4.657352227658516,4.724079821776396,4.759382005811915,4.726324212073499
ENSG00000198804,4.745308608783531,4.593968853953243,4.613418104480454,4.696579237764879,4.693288100776549,4.614349314524391,4.793191238327158,4.9790604341425455,4.7410612834464425,4.70491643093444,4.749827618662817,4.813650362598509,4.6658457239752185
ENSG00000205542,4.792086518345832,4.542599637614435,4.705728970284392,4.766471454105893,4.823734933753592,4.473018583294223,4.6381774847029025,4.732201913701144,4.771568380546403,4.735413789240581,4.7599439353666595,4.819502329636765,4.726324212073499
ENSG00000108518,4.017147583387637,4.360785199031845,3.9962994546266826,3.8203135930175,3.9238927638633956,4.408006613071286,3.9283685134730724,3.858980600975866,4.16146358704819,3.878077405462947,3.9975283432051105,4.01136312131706,4.028985906708018
ENSG00000251562,4.406564033127226,4.263832580929446,4.357691148838731,4.218444899232165,4.366622999904123,4.084227810393085,4.4029708081692736,4.403700615594449,4.396899514263399,4.264669774159124,4.070323957103745,4.370457657909189,4.424101487495812
ENSG00000248527,4.544441122323107,4.509624023285813,4.536881999191374,4.60172914274215,4.578580139509771,4.461848710691072,4.467158538734645,4.662637963244555,4.572777492720768,4.624337503459893,4.553892970679927,4.576295764888955,4.540551971798279
ENSG00000080824,4.189809158526427,4.08218112596944,4.16117954022518,4.118758622997918,4.078402533858362,4.016436797455165,4.076646677512278,4.096574963385542,3.9800463983693493,4.378210054218084,4.19288527158071,4.222963435824971,4.261621891015916
ENSG00000026025,4.49647463849221,4.263832580929446,4.4911082793468005,4.392194266954616,4.537221245707759,4.231266364071274,4.341453531688615,4.644463652314039,4.5505393645561005,4.499363504308546,4.414782106550305,4.5460781514499224,4.4328843675614396
ENSG00000111640,4.393033409308209,3.973692484307767,4.244472142881961,4.203740600758401,4.292390808800279,3.931061994102086,4.085791981383051,4.403700615594449,4.127718019271779,4.2153799404731505,4.3178374248639715,4.2745834299065875,4.292280770133703
ENSG00000120708,4.665591135993913,4.513805933861491,4.631670641631721,4.555923594236803,4.6984354733726805,4.392075251086507,4.704075304320016,4.607093051554085,4.77755968713449,4.779483791319685,4.718849741774779,4.648071220813049,4.686414314143914
ENSG00000166710,4.5957885380958645,4.501207368479549,4.726506460409881,4.502439802382009,4.595794806766081,4.277339969846661,4.622333184648777,4.541527048195146,4.722300063031509,4.657352227658516,4.547689557654545,4.634122359102946,4.5005013197945845
ENSG00000197956,4.532663470519507,4.30065452694909,4.398476580902176,4.341874597089654,4.401769999063837,4.351099748056701,4.584356649845335,4.58787064831106,4.608776167742469,4.530566582888148,4.547689557654545,4.561301091847451,4.350915011796431
ENSG00000123416,4.37238788411041,4.360785199031845,4.4154593675826375,4.354693880289563,4.435723515334487,4.2025675744810975,4.429142348334724,4.216033493857646,4.422783332527224,4.303966449554275,4.261462743629043,4.284595207192055,4.397280305737848
ENSG00000065978,3.6779541977317765,3.860041886214286,3.6889456171291832,3.680579525507455,3.566139775098198,3.9927785895723438,3.647223609464838,3.36651496551232,3.911440862985592,3.654206777107921,4.060243439977047,3.6898766432795163,3.6127146511735155
ENSG00000231500,4.269970567705779,4.150477425148781,4.168391784360762,4.275190830176589,4.08790159981599,4.1477135190814325,4.221770954998139,4.075200394256002,4.194107467418992,4.070663071487371,4.080303870697131,4.062405543739912,3.988904986021578
ENSG00000137154,3.7054227551055354,3.665815085772133,3.7670635238706347,3.7293595132288835,3.6718597681781593,3.9117790099226823,3.7668140862045347,3.7303655632809196,3.774676171299344,3.6089184797181493,3.8833822118621577,3.6341862738464354,3.6516614449412543
ENSG00000137818,3.844333030365923,3.835675297398859,3.7883061856872304,3.942894472377153,3.998975484217099,3.8854759622714568,3.990342051358119,3.683535193234852,3.8826241620035797,3.866208337084412,3.781645421361633,3.840453074125763,3.7252800886346114
ENSG00000167996,4.458926841682275,4.168321711733615,4.42662308215497,4.410429958774209,4.487759551815235,4.182967020686406,4.396319481489396,4.411448226066046,4.51234024934083,4.42024670698248,4.393229873331193,4.553718588608284,4.378991339461726
ENSG00000138326,3.745260672793051,3.9372254953943058,3.809106967264702,3.903680335044108,3.9013627681393834,3.8652844596203875,4.085791981383051,4.158086961553731,3.85295235654951,3.778929473133176,3.8464331514252854,3.9848304545023745,3.858015811471134
ENSG00000135480,3.9766624112348277,4.015766903694688,4.029872694179852,4.110662533774517,4.1519824972783645,4.062137520784734,4.029621891988235,3.9487007596547006,4.104571248742085,3.912862069373913,4.13817805663182,4.086981877246271,3.961263111470157
ENSG00000134333,3.8560544190675703,3.626058494765902,3.9070769590862584,3.8203135930175,3.767463969786638,3.780176448278758,3.8392688624191735,3.9729230242214872,3.689748487324904,4.051007114426786,3.8338070558442063,3.8247991867145834,4.015803294825787
ENSG00000146648,2.7988744139680843,2.85519541665094,2.605394541147301,2.3901585878404314,2.3043476148131448,3.1658790573632465,2.4238941131358707,2.4135526739084447,2.3249727784342538,2.3697149162152193,2.3967730341888784,2.6400070561241384,2.425220819957094
ENSG00000171858,3.6779541977317765,3.685115953674964,3.3297156601448936,3.56125985678807,3.4479072108666244,3.6707627912328116,3.334995474675865,3.582732649179546,3.671861802515977,3.345412005024098,3.353859367476961,3.4223524019174465,3.415825622722621
ENSG00000182718,3.923636209499408,3.9879148956962935,4.1091826246175485,3.942894472377153,4.009255782374256,3.8720603612595212,4.019945630068465,4.075200394256002,4.031731479038851,4.0104967227484085,3.9646313973301557,4.037209963292669,4.1286220021548905
ENSG00000172757,4.230692879588142,4.43571766635922,4.139225356067835,4.1025003625204866,4.4154900537869155,4.4655858816106475,4.221770954998139,4.17777792794472,4.246252030373776,4.248508276375256,4.414782106550305,4.23350280693083,4.4328843675614396
ENSG00000105974,3.0097675244833195,3.4120630392116857,3.3783841444688902,3.3059832096760142,2.975472629256204,3.363853269770965,3.1443320061172453,3.2503015391284933,3.1355559290864146,3.2169030773610663,2.825107507988645,2.9096878824817765,3.5512936715529455
ENSG00000125148,3.879092905012871,3.922258012859539,3.7343286982452875,3.7293595132288835,3.780405063474361,3.9246755585967064,3.791553586443937,3.8984216736533304,3.74156549712631,3.878077405462947,3.9072776119072974,3.7077715864038665,3.826446835873853
ENSG00000142937,3.332052991892856,3.4847117818856215,3.5786122429131457,3.575242754492245,3.3926183508430294,3.3969753140360686,3.4616404033901587,3.4901985751987388,3.774676171299344,3.5285586222710643,3.4327925201189515,3.5952581307891416,3.439716712364762
ENSG00000070756,3.7581949371376266,3.5414642763052213,3.5116112726878725,3.764443814739812,3.8547202989263565,3.7269652924716588,3.741446983705823,3.5094030860892365,3.616198099387318,3.6393374106387597,3.8833822118621577,3.855865689342757,3.6516614449412543
ENSG00000067225,4.155854391256734,3.929769757057212,3.9790804644837996,4.1025003625204866,4.203819074612116,4.084227810393085,4.121559094522061,3.9487007596547006,4.236038375927167,4.099441042128585,4.018873392404765,3.998184783129671,4.174948776377903
ENSG00000156482,3.890416117969355,3.96650469842127,4.038092794602867,3.9332341575422634,3.8305570343670414,3.8236356025179545,4.000307603480071,3.7303655632809196,3.7073208525431034,4.060883386760639,3.8833822118621577,3.6530964343385492,3.707377264197236
ENSG00000069275,3.8324726195685943,3.8993781697270924,3.700485933332841,3.575242754492245,3.767463969786638,3.7501176187625433,3.4616404033901587,3.6002546095002166,3.494613173024029,3.4039611987014315,3.540612718490114,3.7927365266913866,3.5512936715529455
ENSG00000133112,4.189809158526427,3.9372254953943058,4.086043031540009,4.17366701270828,4.253100526294363,3.9562075209713026,4.213793027381983,4.1175022050669146,3.9932202573650537,4.256621674163199,4.269713472559242,4.1109686742687614,4.028985906708018
ENSG00000140988,3.9344687794548676,3.675512084438512,3.8690328156976332,3.9136289731160017,3.8783134488777775,3.611212479983045,3.8036975426486226,3.9238771816857883,3.596933021493102,3.9789992463417,3.8210195012036148,3.929554942935229,4.067522063916914
ENSG00000135446,2.7988744139680843,3.4729642855387053,2.605394541147301,2.7646092987471005,2.4603106668822843,3.449851588101872,2.470748770334079,2.4688988730808035,2.3249727784342538,2.896335286966226,2.633700868978811,2.471856764153022,2.7070486692640454
ENSG00000197756,3.7054227551055354,3.4963228754034046,3.6772705656267206,3.775870277457542,3.713956891950294,3.449851588101872,3.6612399434323706,3.4302677571683415,3.74156549712631,3.45927116447489,3.505948464253099,3.6898766432795163,3.6516614449412543
ENSG00000074800,3.986938399233045,3.8438636412534044,3.9070769590862584,3.8523960390773344,3.9674848523166073,3.8236356025179545,4.010174822510701,3.9112304233439183,3.966696669348431,3.9574359054505877,3.768168509851723,3.7077715864038665,3.858015811471134
ENSG00000106211,3.1607502814876693,3.5191482724895424,2.792542582606381,2.9363752221816006,2.820239626361859,3.407776608043466,2.908543641360718,2.9340577509403296,3.3311139836979473,3.069410017615005,3.124031079297623,2.6903113767648286,3.1704250701913335
ENSG00000071082,3.923636209499408,3.5078006973767915,3.6535034092758947,3.575242754492245,3.6718597681781593,3.6541071761326362,3.4950623439807185,3.6674247029726628,3.4505619186829217,3.778929473133176,3.6532681056182734,3.554752990641895,3.529952061793567
ENSG00000148303,3.9451852612485983,3.5078006973767915,4.05433302089975,3.903680335044108,3.780405063474361,3.611212479983045,4.048697976064761,3.8723012193435156,3.671861802515977,3.8297317253808005,3.8712169224981996,3.776311265168773,3.858015811471134
ENSG00000146731,2.6928245990661535,3.248713776758877,2.7033402363299337,2.732877828980749,2.6759718924879063,3.3179116843490775,2.7827756247221447,2.5711710666518153,3.0384205170311556,2.7970921590240616,2.985697367125115,2.7382059116013373,2.800756276744835
ENSG00000083845,3.137116955699143,3.36052217380362,3.483501256008881,3.2107041106343264,2.820239626361859,3.500071815962077,2.993468679166794,3.2503015391284933,3.0718583843122786,3.32510822309965,3.0978530129885966,3.398475345984951,3.3662597446707014
ENSG00000255823,3.137116955699143,2.93923346042757,3.020489435479612,3.230500034318312,2.9462941792954913,3.0950102219578963,2.7827756247221447,3.2503015391284933,2.7665824309644704,3.069410017615005,2.7528794311669254,3.1218730624995183,3.0384755773671115
ENSG00000164587,4.147182445718997,3.810700117788551,4.029872694179852,4.077606343941877,3.9238927638633956,4.004677655732197,4.029621891988235,3.9729230242214872,4.2047561746734905,4.099441042128585,3.8464331514252854,3.9712953712020655,4.054840968883377
ENSG00000019582,4.102657479770917,3.973692484307767,4.146597101391024,4.232936110821742,4.236941731475199,3.9807362288545103,4.197643653222369,4.042256698539675,4.2047561746734905,4.17236388791035,4.3410579049990705,4.157282250946899,4.292280770133703
ENSG00000163191,4.254444125710712,4.242166253822126,4.062355288694924,4.150503012421617,4.228763352422385,4.192815319528677,4.103835440227249,4.2346261071682685,4.256362419906749,4.280574226663258,4.109659582921888,4.086981877246271,3.961263111470157
ENSG00000181019,4.0560572828595145,3.8022344945977564,3.9962994546266826,3.971327798452118,4.195364102084641,3.809358048916355,4.13030449882827,4.1175022050669146,4.044245877302037,4.14563709626873,4.165905727383761,4.086981877246271,4.140406447959285
ENSG00000125691,3.7709640402539173,3.6946284652981674,3.665457595504585,3.680579525507455,3.483138061172535,3.892116869011781,3.4950623439807185,3.7751006088268526,3.5772894976473717,3.7918740344666717,3.5741155110108394,3.6898766432795163,3.4858518442451443
ENSG00000182899,3.867640007052319,3.605571327442664,3.6414045897623937,3.6292974786524774,3.6574241496943958,3.5845637539250745,3.7154196057147266,3.61747483020997,3.616198099387318,3.912862069373913,3.606532157069179,3.6341862738464354,3.6891480769451803
ENSG00000096384,3.5753980382857558,3.8680339048091454,3.777741260053538,3.798338815957401,3.6574241496943958,3.943713792644681,3.527403290028753,3.3882206450376935,3.596933021493102,3.545155521952597,3.808066304566872,3.5952581307891416,3.793848681687271
ENSG00000142676,3.5598492768453265,3.7936965923079855,3.5786122429131457,3.532693463655254,3.3926183508430294,3.593525800745911,3.511363553406211,3.634403527926848,3.536805513932631,3.889807249900538,3.52343078516729,3.1218730624995183,3.6127146511735155
ENSG00000122406,3.271200926575438,3.139444242550541,3.2246390065608175,3.105381581263455,3.4298151268997588,3.219166465213202,3.2547060146676796,3.298419315261387,3.0718583843122786,3.2169030773610663,3.245533373035062,3.1532401144156066,3.3662597446707014
ENSG00000198744,3.8324726195685943,3.55243826312207,3.798760659565245,3.7411915764024823,3.8783134488777775,3.439497642313956,3.862299017891516,3.8317949305401973,3.7245897546330164,3.8046531731750313,3.7406572530478077,3.7927365266913866,3.826446835873853
ENSG00000167553,3.635282634984192,3.740879268996114,3.6167587481651964,3.787167649782918,3.889904515928389,3.6199398791934243,3.7154196057147266,3.3443276764738035,3.806725574287823,3.697532600849498,3.808066304566872,3.8710443570343034,3.6705804066065517
ENSG00000247627,3.35154104995959,3.626058494765902,3.18700783484664,3.2876398267774847,3.581944308932432,3.352564225669798,3.511363553406211,3.321636919939687,3.2519357639114816,3.5285586222710643,3.5741155110108394,3.34893967404526,3.415825622722621
ENSG00000109475,3.2284731684882577,3.2338160330525034,3.4691442702800406,3.692999407177585,3.465677779597897,3.3295964627358865,3.702147394274824,3.564898185964244,3.4277865599628408,3.49451486734977,3.557504412827506,3.7077715864038665,3.415825622722621
ENSG00000196230,4.027017860557751,4.029407307376217,4.086043031540009,3.8203135930175,3.978092296513719,4.004677655732197,3.827551786255574,3.984817631984927,4.006222819989018,3.9464773240080775,4.2531433734378945,3.7077715864038665,4.116697025463242
ENSG00000196262,3.9344687794548676,3.685115953674964,3.745359799462472,3.9136289731160017,3.9238927638633956,3.7269652924716588,3.7668140862045347,3.9238771816857883,3.616198099387318,3.866208337084412,3.7949431183100595,3.998184783129671,3.81028058285676
ENSG00000234745,4.102657479770917,3.8438636412534044,3.9790804644837996,4.0520767577099726,4.009255782374256,3.8515933425452515,3.990342051358119,4.127803853662741,4.056605599090645,4.099441042128585,3.9646313973301557,4.201545488547947,3.988904986021578
ENSG00000142871,2.3903037106936758,2.8980969779836414,2.6717457250075634,2.434576581621819,2.7860766486921924,3.0802132001604865,2.815731336416723,2.7887314887052583,2.6730957471144903,2.5630525568647355,2.6750254774310402,2.8694947151801347,2.5476333030438534
ENSG00000249072,3.0881056747046842,2.9591840478253633,3.042884932295637,3.190508380498099,2.885251807987741,3.219166465213202,2.599424942242136,3.1734838353395207,2.514107080960038,3.0425653622732725,3.014937421021827,3.1218730624995183,3.07313076091063
ENSG00000108298,3.2284731684882577,3.2778595254544314,3.4545781554033086,3.503286974382339,3.3926183508430294,3.439497642313956,3.444500995202471,3.6674247029726628,3.2240857921984984,3.545155521952597,3.2223853165213447,3.2418374758346387,3.415825622722621
ENSG00000087460,3.844333030365923,3.7498781643741688,3.7343286982452875,3.359076958354364,3.8783134488777775,3.802142094082529,3.7285179703708953,3.8317949305401973,4.031731479038851,3.924193173141576,3.7949431183100595,3.9712953712020655,4.002444577574423
ENSG00000154978,1.6877814535457367,3.01675334711826,1.951057433291481,1.8646030413913226,0.9898413873802884,2.8271185654580253,1.5667299452604397,1.695788847985277,2.253045890380962,2.1298163030311805,2.085686322926927,2.191941059890587,2.123520408486718
ENSG00000213741,3.663931692177766,3.4610771434079846,3.6889456171291832,3.8093865646263474,3.533761023294588,3.557185384849089,3.6185874334231585,3.564898185964244,3.3054115742156083,3.725407571591806,3.6223547462358936,3.4456726140039255,3.5926572583728276
ENSG00000034510,3.5598492768453265,3.4120630392116857,3.665457595504585,3.680579525507455,3.2719279278415563,3.5098201540703893,3.444500995202471,3.5094030860892365,3.3561722995177297,3.593354835260808,3.3741844028992642,3.6898766432795163,3.632377642668142
ENSG00000136810,3.8560544190675703,3.740879268996114,3.8786803994916585,3.8834811169197665,3.8182528666779514,3.439497642313956,3.827551786255574,3.845480145497954,3.7582578675463587,3.968275696978913,3.9534207815135214,3.9575745728794116,3.6891480769451803
ENSG00000167658,3.461109424616568,3.595168166795423,3.4095618007082575,3.4257493171439473,3.566139775098198,3.529036289967855,3.444500995202471,3.8317949305401973,3.4044803709474647,3.7918740344666717,3.726612492599909,3.296821750252998,3.6127146511735155
ENSG00000072110,3.5907087326688902,3.8993781697270924,3.1479049970820308,3.4257493171439473,3.373487908204226,3.7652599709229535,3.6185874334231585,3.298419315261387,3.494613173024029,3.1210295852656613,3.245533373035062,3.2697074742525536,2.965339839674915
ENSG00000170315,3.443661572849194,3.2338160330525034,3.3624230563032356,3.4257493171439473,3.533761023294588,3.3060887560750833,3.315519334923364,3.450646391463074,3.279031084265601,3.5285586222710643,3.2223853165213447,3.4456726140039255,3.439716712364762
ENSG00000244052,3.0626687835601163,3.1877429792902006,3.107210685221776,3.0829173584571965,3.373487908204226,3.1381312531587104,2.908543641360718,3.225345599065225,2.8922232090563083,3.1210295852656613,3.245533373035062,3.0213977654501263,3.2590868864503832
ENSG00000008988,3.4951175748251244,3.5078006973767915,3.483501256008881,3.692999407177585,3.313797555844236,3.500071815962077,3.478490995451343,3.409465179780162,3.635099038174292,3.6089184797181493,3.557504412827506,3.4223524019174465,3.3141083816500334
ENSG00000143947,3.1607502814876693,3.263392831681874,3.497655032726315,3.105381581263455,3.411389678920371,3.2320561650075508,3.444500995202471,3.2746498143263896,3.3561722995177297,3.45927116447489,3.2902814658725705,3.2418374758346387,3.286976006942536
ENSG00000214182,3.0097675244833195,2.8980969779836414,2.8205920014127948,2.8252025030349586,2.9162386927321053,2.9865152579795264,2.815731336416723,2.8270904854609618,2.7209311614480423,2.9574162605251617,2.9245201419140536,3.0213977654501263,2.6566820074089925
ENSG00000112306,3.35154104995959,3.3200447457341826,3.4545781554033086,3.230500034318312,3.334092807619193,3.219166465213202,3.3540995296472196,3.5094030860892365,3.16594509184584,3.2395010706409986,3.413635616813178,3.1836531240398114,3.5512936715529455
ENSG00000145592,3.271200926575438,3.675512084438512,3.4397967287040796,3.503286974382339,3.465677779597897,3.593525800745911,3.511363553406211,3.6674247029726628,3.4277865599628408,3.545155521952597,3.488155065365612,3.32322020847569,3.508145036970592
ENSG00000244398,3.2284731684882577,3.0533703751142736,3.1479049970820308,3.3416903865183984,3.084351677083134,3.2061084491510927,3.0463260273547297,2.7887314887052583,2.7209311614480423,2.7616947437364403,3.070971191300139,3.213168417606894,3.002576164079434
ENSG00000174748,3.3706565720570336,3.1877429792902006,3.5116112726878725,3.5180983078257633,3.182531475997951,3.282015106431257,3.1207162061085354,3.4302677571683415,3.4277865599628408,3.384823177171763,3.333112639250659,3.34893967404526,3.07313076091063
ENSG00000198363,3.7054227551055354,4.056142310772233,3.6772705656267206,3.8834811169197665,3.780405063474361,3.844676843811705,3.7285179703708953,3.699390245396387,3.7582578675463587,3.889807249900538,3.895401283954635,3.7927365266913866,3.7252800886346114
ENSG00000136942,3.4782580620397,3.530368523609004,3.3297156601448936,3.2689536666988266,3.353984342111858,3.386056076979694,3.4616404033901587,3.5094030860892365,3.4505619186829217,3.2615996593787817,3.311926348712122,3.5125376693169548,3.3913497492989952
ENSG00000204628,3.635282634984192,3.4245436225513175,3.5389526729243,3.4094933164324983,3.6574241496943958,3.529036289967855,3.6039558452625746,3.6510504090078406,3.74156549712631,3.6832982145012414,3.8210195012036148,3.4223524019174465,3.6705804066065517
ENSG00000256618,3.5907087326688902,3.155804391824426,3.5253754139164974,3.575242754492245,3.566139775098198,3.2697574072105775,3.2547060146676796,3.4302677571683415,3.4505619186829217,3.5116816099711197,3.540612718490114,3.5752106299946256,3.3662597446707014
ENSG00000224631,2.8947482126901134,3.3472109177620473,3.4247935292128404,3.169896361140777,3.4298151268997588,3.1095914806729024,3.4616404033901587,3.2746498143263896,3.1954379251511735,3.545155521952597,3.198688704417188,2.8694947151801347,3.439716712364762
ENSG00000143933,3.35154104995959,3.740879268996114,3.5523480565821837,3.680579525507455,3.4298151268997588,3.6789877122529386,3.6039558452625746,3.8179198288282805,3.7582578675463587,3.6688582810405577,3.6379308756444675,3.4907423371242996,3.529952061793567
ENSG00000225972,2.6928245990661535,3.155804391824426,2.792542582606381,3.2876398267774847,2.853273947129258,3.1928776627806355,2.908543641360718,3.030680626710455,3.1355559290864146,2.7616947437364403,2.825107507988645,2.6400070561241384,3.2303975934585014
ENSG00000134419,3.461109424616568,3.3866246273609537,3.5914901073279917,3.503286974382339,3.5500814414183166,3.2320561650075508,3.5431898096906758,3.4706180174908208,3.3311139836979473,3.6688582810405577,3.3741844028992642,3.6149116153986176,3.529952061793567
ENSG00000130255,3.2918991286083923,2.997929439049281,2.792542582606381,3.230500034318312,3.334092807619193,3.018733293965801,3.3540995296472196,3.0902704657700824,3.16594509184584,3.1937825845920185,2.892468273330715,3.0560234270587348,3.07313076091063
ENSG00000185650,3.8204698492963103,3.5414642763052213,3.5655663732049283,3.6160552512231106,3.998975484217099,3.794873690547845,3.527403290028753,3.7303655632809196,3.557252360918255,3.5775451291126372,3.333112639250659,3.4684613640696957,3.632377642668142
ENSG00000125968,3.8324726195685943,3.6361468018225853,3.8690328156976332,3.8834811169197665,3.8665864518789324,3.8854759622714568,3.8392688624191735,3.745500696085858,3.74156549712631,3.889807249900538,3.606532157069179,3.7596117026953655,3.572189318007403
ENSG00000228236,3.5907087326688902,3.7676365988322282,3.6042042386495314,3.8203135930175,3.3926183508430294,3.375016292690666,3.4950623439807185,3.528245722452257,3.4505619186829217,3.7658151502411292,3.6979169836149204,3.8247991867145834,3.529952061793567
ENSG00000187514,3.0365679311399605,3.122811980821803,2.847876069167477,2.795364772749675,3.0313932526886505,3.282015106431257,2.9376607464365114,3.030680626710455,2.8102403308861907,3.095552836938366,3.0433467277531787,3.1218730624995183,2.965339839674915
ENSG00000244313,3.1129115483621503,3.1877429792902006,3.2429365399358976,2.9876460264366957,3.2719279278415563,3.1928776627806355,3.0463260273547297,3.3443276764738035,3.3561722995177297,3.2395010706409986,3.0978530129885966,3.1218730624995183,3.1704250701913335
ENSG00000177600,3.443661572849194,3.333720079024391,3.629157594230731,3.3929686852921654,3.5002987055822077,3.529036289967855,3.511363553406211,3.582732649179546,3.494613173024029,3.441172302188047,3.488155065365612,3.1836531240398114,3.6127146511735155
ENSG00000172809,3.137116955699143,3.3061798017175534,3.2429365399358976,3.190508380498099,3.2930818590569464,3.2320561650075508,3.0965291830102832,3.409465179780162,3.3561722995177297,3.1701148573528344,3.198688704417188,3.1218730624995183,3.3913497492989952
ENSG00000233762,3.1607502814876693,2.9591840478253633,2.9975808679777454,3.169896361140777,2.9462941792954913,2.7472076914566634,3.233584344073141,3.225345599065225,3.16594509184584,3.1937825845920185,2.955576513192876,3.2418374758346387,3.1066250803821305
ENSG00000166913,2.8638004572334808,3.155804391824426,2.9975808679777454,3.2689536666988266,3.058222998265388,3.152101394753364,3.478490995451343,2.8270904854609618,3.0718583843122786,3.0425653622732725,3.2223853165213447,3.1836531240398114,3.07313076091063
ENSG00000132507,3.0881056747046842,3.3736585654247904,2.733967031011416,2.8823329893541714,2.7860766486921924,3.341146282520316,3.0202465500199263,2.8270904854609618,2.8922232090563083,3.0425653622732725,2.8593549675479437,2.7382059116013373,3.1066250803821305
ENSG00000122566,3.2284731684882577,3.4963228754034046,3.4095618007082575,3.3761663960962958,3.6279122970285,3.407776608043466,3.754210969034756,3.450646391463074,3.635099038174292,3.1701148573528344,3.413635616813178,3.4684613640696957,3.6516614449412543
ENSG00000198034,3.0626687835601163,2.9591840478253633,2.9975808679777454,3.0829173584571965,2.9462941792954913,3.2697574072105775,3.0965291830102832,2.8270904854609618,2.852071683832284,2.8312793153025146,3.0978530129885966,3.0213977654501263,3.1390337938534776
ENSG00000102144,2.9822290295709255,3.035229452596164,2.733967031011416,2.434576581621819,2.507324396316925,2.8461369088821975,2.3747357138579575,2.4135526739084447,2.569959442547882,2.686903605391505,2.6750254774310402,2.587037548671646,2.207897419230693
ENSG00000144381,3.0626687835601163,2.93923346042757,2.9501265447578846,2.70010638294871,2.885251807987741,2.953224565392506,3.0717426167084185,3.146508172930396,2.8922232090563083,2.3697149162152193,2.892468273330715,2.587037548671646,2.8445104668821477
ENSG00000105193,3.35154104995959,3.3472109177620473,3.6167587481651964,3.547078661605598,3.465677779597897,3.386056076979694,3.558730983293882,3.6510504090078406,3.671861802515977,3.697532600849498,3.66837365385204,3.4223524019174465,3.3662597446707014
ENSG00000115053,2.6153117762341624,3.01675334711826,3.042884932295637,2.9363752221816006,2.7140364932538112,3.1239631782872674,2.993468679166794,2.3549628757312937,3.0384205170311556,2.7970921590240616,3.124031079297623,2.531104567180145,2.7070486692640454
ENSG00000197747,3.6497097561322804,3.5191482724895424,3.8494538490139543,3.6026353112649803,3.780405063474361,3.5098201540703893,3.7668140862045347,3.683535193234852,3.7582578675463587,3.842039027733464,3.858901814410371,3.7253519221717406,3.81028058285676
ENSG00000115268,3.3706565720570336,3.3472109177620473,3.2246390065608175,3.169896361140777,3.205640908234299,3.0950102219578963,2.9659539779593636,3.2746498143263896,3.380618015593008,3.345412005024098,3.245533373035062,3.2418374758346387,3.1066250803821305
ENSG00000143321,3.4951175748251244,3.122811980821803,3.2060004233957375,3.4417452818077408,3.566139775098198,3.418462479699208,3.167402942762257,3.3443276764738035,3.1954379251511735,3.069410017615005,3.2223853165213447,3.4456726140039255,3.3141083816500334
ENSG00000127184,3.2918991286083923,3.2186929858346054,3.3462030739844226,3.169896361140777,2.885251807987741,3.2447818325257405,3.233584344073141,3.321636919939687,3.279031084265601,3.2395010706409986,3.014937421021827,3.4907423371242996,3.3405239952238
ENSG00000117525,2.574179270660435,2.7142014963185876,2.330817232162015,2.3436755557618105,1.8037576897348693,2.6603520954936735,2.4238941131358707,2.292725493702142,2.45494973187647,2.6060632801695314,2.6750254774310402,2.6903113767648286,2.6566820074089925
ENSG00000169567,3.5280071085701112,3.5078006973767915,3.5786122429131457,3.7293595132288835,3.642777088091852,3.449851588101872,3.7668140862045347,3.4706180174908208,3.7582578675463587,3.5116816099711197,3.5741155110108394,3.5952581307891416,3.6127146511735155
ENSG00000237550,2.6153117762341624,2.2385111373247684,2.236200601096458,2.594809162541596,1.9740293611205488,2.6603520954936735,2.268515455257906,2.66394732398461,2.622856643102047,2.7616947437364403,2.2219316785394567,2.2696005336479903,2.207897419230693
ENSG00000108107,2.574179270660435,2.45656164116645,2.3749673017066475,2.3436755557618105,2.7140364932538112,2.726190743823302,2.2108509647785826,2.6186347389055022,1.9997905836167882,2.724998225954708,2.1561275578926473,2.4088763494672967,2.425220819957094
ENSG00000110700,3.250065237838276,3.2186929858346054,3.4247935292128404,3.4257493171439473,3.2503168193061907,3.1658790573632465,3.444500995202471,3.298419315261387,2.852071683832284,3.4039611987014315,3.2902814658725705,2.8276181604101605,3.3405239952238
ENSG00000185641,2.8638004572334808,2.9787443823685424,3.1676475327789686,3.190508380498099,3.411389678920371,3.2320561650075508,3.295656328000589,3.5094030860892365,3.2519357639114816,3.2395010706409986,3.245533373035062,3.34893967404526,2.965339839674915
ENSG00000108602,3.8204698492963103,3.263392831681874,3.5523480565821837,3.8093865646263474,3.6574241496943958,3.500071815962077,3.884810703348459,3.885446728840705,3.9932202573650537,3.8046531731750313,3.683254415807717,3.8710443570343034,3.742868030965998
ENSG00000167526,3.0626687835601163,3.2186929858346054,3.4545781554033086,3.3929686852921654,3.2930818590569464,3.0950102219578963,3.3728454508221524,3.450646391463074,3.3561722995177297,3.545155521952597,3.2681576975499853,3.1218730624995183,3.200860852408008
ENSG00000189159,3.3121775883044915,3.3866246273609537,3.2785568367840043,3.2107041106343264,2.9162386927321053,3.557185384849089,2.9376607464365114,3.0902704657700824,3.536805513932631,3.422739823737557,3.0978530129885966,3.533868080109048,3.463050311012185
ENSG00000087086,3.6779541977317765,3.36052217380362,3.8294838781972933,3.798338815957401,3.978092296513719,3.282015106431257,3.6185874334231585,3.76041016781271,3.774676171299344,3.9896090201921504,3.7123676636056357,3.7596117026953655,3.6127146511735155
ENSG00000158710,3.3706565720570336,3.3200447457341826,3.3783841444688902,3.0599368747355027,3.205640908234299,3.386056076979694,3.3540995296472196,3.36651496551232,3.279031084265601,3.2169030773610663,3.413635616813178,3.1532401144156066,3.3405239952238
ENSG00000089157,2.9247668856722204,3.035229452596164,3.1676475327789686,2.9363752221816006,3.003823779567139,3.0027540205916963,3.0463260273547297,2.9340577509403296,2.9308246282303356,3.0149801455993224,3.245533373035062,3.1532401144156066,2.965339839674915
ENSG00000161970,1.580325597467182,2.5793190507406765,2.4968033786293518,2.594809162541596,2.184976054485816,2.767792004072847,2.5155059774310504,2.5711710666518153,2.514107080960038,2.0596297902544403,2.5905946483899025,2.587037548671646,2.425220819957094
ENSG00000197958,3.0626687835601163,2.9787443823685424,3.1277648302472363,3.169896361140777,3.084351677083134,3.018733293965801,3.1443320061172453,2.899657828988085,3.1042142431326165,2.9866123459957326,2.985697367125115,2.9855300312745556,2.965339839674915
ENSG00000109971,3.1129115483621503,3.44904699549498,3.5116112726878725,3.3059832096760142,3.334092807619193,3.3295964627358865,3.233584344073141,3.3882206450376935,3.279031084265601,3.3653117335950924,3.4327925201189515,3.4223524019174465,3.508145036970592
ENSG00000198431,3.5907087326688902,3.5078006973767915,3.7343286982452875,3.6160552512231106,3.6279122970285,3.1658790573632465,3.6185874334231585,3.61747483020997,3.774676171299344,3.817271063940398,3.5904551831567537,3.671655627249735,3.6705804066065517
ENSG00000154582,2.439538122245324,2.763441606144699,2.457817709752873,2.189660470606603,2.2464419742766397,2.726190743823302,2.4238941131358707,2.4688988730808035,2.3249727784342538,2.195398092810185,2.1561275578926473,2.531104567180145,2.357894308056047
ENSG00000131469,2.8638004572334808,3.01675334711826,3.020489435479612,2.8252025030349586,3.1346460020303457,2.883121731566118,3.167402942762257,3.1734838353395207,2.9308246282303356,3.1701148573528344,2.7896454397622654,2.9483277885636827,2.965339839674915
ENSG00000164032,3.0365679311399605,3.171901189309316,2.900307633004179,3.0123282165990504,2.975472629256204,3.152101394753364,3.3540995296472196,3.0902704657700824,3.0384205170311556,3.1701148573528344,3.070971191300139,3.213168417606894,2.965339839674915
ENSG00000105372,3.271200926575438,3.2778595254544314,3.5389526729243,3.6160552512231106,3.6279122970285,3.018733293965801,3.391246418982811,3.683535193234852,2.9679911936972405,3.384823177171763,3.470039317084084,3.2697074742525536,3.3141083816500334
ENSG00000173812,3.271200926575438,3.1877429792902006,3.260905280669377,3.2689536666988266,3.313797555844236,3.152101394753364,3.4616404033901587,3.3443276764738035,3.2240857921984984,3.3653117335950924,3.0978530129885966,3.0213977654501263,3.286976006942536
ENSG00000186468,3.2064045735847784,3.122811980821803,3.3624230563032356,3.2499116743520777,3.2719279278415563,3.0651939338359617,3.4950623439807185,3.2746498143263896,2.9679911936972405,3.1701148573528344,3.1495413001878125,3.32322020847569,3.07313076091063
ENSG00000149273,3.3706565720570336,3.105898401418945,3.2959022122189148,3.2876398267774847,3.4298151268997588,3.1095914806729024,3.1899535922450837,3.321636919939687,3.1954379251511735,3.1937825845920185,3.124031079297623,3.296821750252998,3.286976006942536
ENSG00000119705,2.9822290295709255,3.035229452596164,2.9975808679777454,2.854175677280675,2.6759718924879063,2.9865152579795264,3.1443320061172453,2.8640322652614496,3.0384205170311556,2.8312793153025146,2.9245201419140536,2.783911022083346,2.9266631652227875
ENSG00000106366,2.099506368300579,2.6886413260221658,2.2846275378218475,2.4771052403151743,2.3590829343859125,2.8461369088821975,1.939779445389482,1.4301308194656037,2.392071521383173,2.2569423427795012,2.5905946483899025,2.107738928862401,2.285705614423374
ENSG00000106153,3.18383794421082,2.9591840478253633,2.6717457250075634,2.6311542017256904,2.9162386927321053,2.767792004072847,2.7134153299157164,2.9340577509403296,2.8922232090563083,2.5181084433080456,2.448862446215656,2.783911022083346,2.285705614423374
ENSG00000005022,3.2064045735847784,2.9787443823685424,2.9255272972993245,2.9363752221816006,2.820239626361859,3.0802132001604865,2.878553239042762,2.7488421830909595,2.622856643102047,2.686903605391505,3.1495413001878125,2.8694947151801347,2.7070486692640454
ENSG00000229344,2.7988744139680843,2.9591840478253633,2.534326023752604,2.7646092987471005,2.552226728270738,3.0027540205916963,2.676843503330091,2.8640322652614496,2.0915222846976893,2.6473001152111078,2.633700868978811,2.471856764153022,2.8445104668821477
ENSG00000142864,2.164824617230797,2.4886924031036064,2.639120342109994,2.434576581621819,2.3590829343859125,2.6374060467130223,2.599424942242136,2.0787339091580495,1.6598152445179766,2.3149174944867066,2.283671677188233,2.2696005336479903,2.357894308056047
ENSG00000132475,3.1607502814876693,3.1877429792902006,3.2959022122189148,3.2689536666988266,3.313797555844236,3.0950102219578963,3.212006904600399,3.030680626710455,3.3054115742156083,2.9574162605251617,2.9245201419140536,3.2697074742525536,2.800756276744835
ENSG00000115310,3.3121775883044915,3.122811980821803,3.260905280669377,3.4574893988462985,3.373487908204226,3.1658790573632465,3.1207162061085354,3.030680626710455,3.2240857921984984,3.283220440345971,3.451589324063655,3.0560234270587348,3.1704250701913335
ENSG00000136238,3.2064045735847784,3.4245436225513175,3.5914901073279917,3.4417452818077408,3.3926183508430294,3.2941243720798257,3.2753907727097373,3.321636919939687,3.1954379251511735,3.384823177171763,3.0978530129885966,3.671655627249735,3.3405239952238
ENSG00000130726,2.654819029423146,2.9188767305663155,2.5704914914011145,2.517898754721667,2.636400846580898,3.179469472891536,2.470748770334079,2.7072953752699873,2.45494973187647,2.6060632801695314,2.085686322926927,2.783911022083346,2.5476333030438534
ENSG00000108953,2.654819029423146,2.9188767305663155,2.7033402363299337,2.7646092987471005,2.2464419742766397,2.78796113463643,2.470748770334079,2.4688988730808035,2.1755417828759396,2.1298163030311805,2.5455462472258517,2.3416612034430044,2.6566820074089925
ENSG00000136938,2.9539106380977374,2.997929439049281,2.9255272972993245,2.795364772749675,2.7507051537404563,3.0950102219578963,3.0717426167084185,2.8640322652614496,3.0384205170311556,2.686903605391505,3.1495413001878125,2.8276181604101605,2.9266631652227875
ENSG00000155506,3.4078251408252056,3.122811980821803,3.4691442702800406,3.3929686852921654,3.313797555844236,3.3295964627358865,3.334995474675865,2.9340577509403296,3.3561722995177297,3.0149801455993224,2.7896454397622654,3.1836531240398114,2.965339839674915
ENSG00000218227,2.7647589926795275,2.5198228371001417,3.042884932295637,2.962339175246786,3.084351677083134,2.726190743823302,2.7827756247221447,2.7072953752699873,2.9308246282303356,2.9866123459957326,3.070971191300139,2.3416612034430044,3.0384755773671115
ENSG00000262902,3.1129115483621503,3.171901189309316,3.3297156601448936,3.359076958354364,3.058222998265388,3.179469472891536,3.3728454508221524,3.4706180174908208,3.3054115742156083,3.2615996593787817,3.5741155110108394,3.34893967404526,3.2303975934585014
ENSG00000111716,3.18383794421082,2.662410657921509,2.7636836324138425,3.1273522302165078,2.5951991863587094,2.726190743823302,2.5155059774310504,3.0902704657700824,2.6730957471144903,2.7970921590240616,3.0978530129885966,2.9855300312745556,2.7070486692640454
ENSG00000108821,3.461109424616568,3.626058494765902,3.260905280669377,3.575242754492245,3.7931808225885453,3.4702433128482015,3.779260339732304,3.564898185964244,3.279031084265601,3.654206777107921,3.7949431183100595,3.840453074125763,3.777142255900272
ENSG00000132341,3.250065237838276,3.035229452596164,2.9501265447578846,3.0829173584571965,2.7507051537404563,2.883121731566118,3.0463260273547297,2.4135526739084447,3.0384205170311556,2.9866123459957326,3.014937421021827,2.9855300312745556,3.07313076091063
ENSG00000188846,2.7647589926795275,2.7871813116443844,2.9501265447578846,2.557093177819222,2.507324396316925,2.6139210866937868,3.1443320061172453,2.6186347389055022,2.253045890380962,2.724998225954708,2.7147099177933915,2.471856764153022,2.123520408486718
ENSG00000225630,1.8732378118024398,2.3890265748749844,2.18530861518356,2.189660470606603,2.4109771358497003,2.6139210866937868,2.014740537805698,2.226356027809888,2.1755417828759396,2.0596297902544403,2.0099045512939435,2.4088763494672967,2.6036433717865815
ENSG00000026508,3.271200926575438,3.333720079024391,3.5914901073279917,3.532693463655254,3.3926183508430294,3.3060887560750833,3.5891069908459046,3.225345599065225,3.4044803709474647,3.6393374106387597,3.451589324063655,3.5125376693169548,3.439716712364762
ENSG00000163466,3.137116955699143,3.155804391824426,3.2246390065608175,3.2499116743520777,3.1346460020303457,3.566395045605752,2.9659539779593636,3.0609193491975897,3.0718583843122786,3.593354835260808,3.245533373035062,3.213168417606894,3.1704250701913335
ENSG00000114391,2.729438476085454,2.5793190507406765,2.8744354453424825,2.557093177819222,2.7507051537404563,2.4600966974993383,2.5155059774310504,2.6186347389055022,2.45494973187647,2.6473001152111078,2.7147099177933915,2.8276181604101605,2.5476333030438534
ENSG00000197061,2.9822290295709255,2.876876247671292,2.9975808679777454,2.8252025030349586,3.003823779567139,2.970008439065902,3.212006904600399,3.030680626710455,2.9679911936972405,2.896335286966226,2.9245201419140536,2.9096878824817765,3.1066250803821305
ENSG00000131747,2.7988744139680843,2.662410657921509,2.9255272972993245,2.909719131717198,2.7507051537404563,2.901113523486507,2.815731336416723,3.1187846022279744,3.1042142431326165,2.8312793153025146,2.955576513192876,3.2697074742525536,2.9266631652227875
ENSG00000166598,3.3121775883044915,2.9188767305663155,3.1277648302472363,3.105381581263455,3.2503168193061907,3.0802132001604865,3.0965291830102832,2.899657828988085,3.1355559290864146,3.2169030773610663,3.0433467277531787,3.32322020847569,3.1704250701913335
ENSG00000153187,3.0626687835601163,3.292119914991785,3.042884932295637,3.148850529002135,3.003823779567139,2.883121731566118,2.9376607464365114,3.321636919939687,2.9308246282303356,2.9574162605251617,3.0433467277531787,2.783911022083346,2.9266631652227875
ENSG00000174444,3.2918991286083923,2.833034090423049,3.107210685221776,2.962339175246786,3.1588753389603967,2.9361541776470363,3.1443320061172453,2.9994989356302346,2.7665824309644704,2.8312793153025146,2.9245201419140536,2.8276181604101605,3.286976006942536
ENSG00000166441,2.9247668856722204,2.7391245941706934,2.8205920014127948,2.4771052403151743,2.7860766486921924,2.7047225840348688,2.676843503330091,3.0902704657700824,2.45494973187647,2.6473001152111078,2.7896454397622654,2.3416612034430044,2.488298995165697
ENSG00000161011,3.663931692177766,3.333720079024391,3.2959022122189148,3.4729894758948983,3.5002987055822077,3.2061084491510927,3.6185874334231585,3.582732649179546,3.380618015593008,3.5116816099711197,3.66837365385204,3.398475345984951,3.3913497492989952
ENSG00000242071,2.9539106380977374,2.8980969779836414,3.3129518480314224,3.0123282165990504,2.820239626361859,2.8271185654580253,3.0202465500199263,3.0902704657700824,2.8102403308861907,3.1937825845920185,2.9245201419140536,2.9483277885636827,3.200860852408008
ENSG00000187109,3.0097675244833195,3.08869382397298,3.107210685221776,3.1273522302165078,2.7507051537404563,3.018733293965801,3.1899535922450837,2.7488421830909595,3.0718583843122786,3.0425653622732725,3.311926348712122,3.0213977654501263,3.0384755773671115
ENSG00000008394,3.3121775883044915,3.1877429792902006,3.18700783484664,3.230500034318312,3.373487908204226,3.4290353697451676,3.3728454508221524,3.3443276764738035,2.852071683832284,3.384823177171763,3.333112639250659,3.1218730624995183,3.2303975934585014
ENSG00000135506,1.9544836005232362,2.4233641228542235,1.882788780738768,1.602632796283498,1.1800110579924656,2.2444246658791225,0.9649648396400448,1.8061214098201093,1.7864223279342177,1.4864864338685102,1.7404795740912804,1.8018300477916511,1.543353469559566
ENSG00000138668,3.4078251408252056,3.4847117818856215,3.2785568367840043,3.0829173584571965,3.581944308932432,3.375016292690666,2.9376607464365114,2.9673135663722525,3.4044803709474647,3.345412005024098,3.470039317084084,3.34893967404526,3.2303975934585014
ENSG00000102317,2.9822290295709255,3.3994247202050842,2.900307633004179,3.2499116743520777,2.975472629256204,3.575520661943137,3.0717426167084185,2.9994989356302346,3.4505619186829217,2.7970921590240616,2.985697367125115,3.1836531240398114,3.1704250701913335
ENSG00000165119,2.729438476085454,2.9591840478253633,3.107210685221776,3.0123282165990504,2.9162386927321053,3.0344612409124605,2.7827756247221447,2.9994989356302346,3.3561722995177297,2.6060632801695314,2.825107507988645,2.8694947151801347,2.965339839674915
ENSG00000243859,2.3903037106936758,2.662410657921509,2.534326023752604,2.795364772749675,2.820239626361859,2.726190743823302,2.4238941131358707,2.5711710666518153,2.852071683832284,2.6473001152111078,2.892468273330715,2.531104567180145,2.8445104668821477
ENSG00000117450,3.1607502814876693,3.155804391824426,3.3129518480314224,3.230500034318312,3.058222998265388,2.9865152579795264,3.0965291830102832,3.298419315261387,3.4728300903696887,3.2615996593787817,3.0978530129885966,3.0894901686891725,3.200860852408008
ENSG00000219928,2.7647589926795275,2.6354733650254016,2.7636836324138425,3.1273522302165078,3.003823779567139,2.767792004072847,2.8476355305594407,2.8640322652614496,2.622856643102047,3.4039611987014315,2.9245201419140536,2.6903113767648286,3.3913497492989952
ENSG00000150687,2.6928245990661535,2.9188767305663155,3.042884932295637,3.0829173584571965,2.7140364932538112,3.152101394753364,3.0717426167084185,3.1187846022279744,2.9679911936972405,3.1210295852656613,2.7896454397622654,2.9096878824817765,2.9266631652227875
ENSG00000104904,3.0365679311399605,2.7871813116443844,3.1479049970820308,3.0599368747355027,3.2719279278415563,3.0027540205916963,2.8476355305594407,2.7488421830909595,3.3311139836979473,3.2395010706409986,2.955576513192876,3.533868080109048,3.0384755773671115
ENSG00000119335,3.35154104995959,2.93923346042757,3.107210685221776,3.3059832096760142,3.1588753389603967,2.9361541776470363,3.1207162061085354,2.5711710666518153,2.8922232090563083,3.1701148573528344,3.2681576975499853,2.6903113767648286,3.0384755773671115
ENSG00000100345,2.3903037106936758,2.5198228371001417,2.792542582606381,2.854175677280675,2.6759718924879063,2.8271185654580253,2.7486967131263937,2.4688988730808035,2.8922232090563083,2.4710489078327122,3.014937421021827,2.8276181604101605,2.6566820074089925
ENSG00000170421,2.283905849671514,2.5198228371001417,2.605394541147301,2.189660470606603,2.4109771358497003,2.5652288208935694,2.676843503330091,2.4135526739084447,2.9679911936972405,2.5630525568647355,2.4983723615692655,2.2696005336479903,1.9298409488777595
ENSG00000075415,2.654819029423146,3.0533703751142736,3.042884932295637,2.8252025030349586,3.182531475997951,3.0802132001604865,3.6330080217641316,2.9340577509403296,3.1954379251511735,2.9866123459957326,3.174416905337274,3.0894901686891725,2.8864302121507275
ENSG00000110958,3.2064045735847784,3.071188059690512,2.9255272972993245,3.036415841955198,3.2930818590569464,3.0950102219578963,3.0463260273547297,3.4901985751987388,2.9308246282303356,2.6473001152111078,3.0433467277531787,2.6903113767648286,2.800756276744835
ENSG00000213585,3.18383794421082,3.4120630392116857,2.9741351690587736,3.2499116743520777,2.853273947129258,3.4290353697451676,3.167402942762257,3.0609193491975897,3.279031084265601,3.345412005024098,2.7896454397622654,3.1218730624995183,3.1390337938534776
ENSG00000110321,3.271200926575438,3.3061798017175534,3.0862251856908576,3.036415841955198,3.1098149961272465,3.2447818325257405,3.0717426167084185,3.1187846022279744,3.2519357639114816,3.384823177171763,3.2681576975499853,3.1218730624995183,2.7549997110977276
ENSG00000181163,3.0097675244833195,3.035229452596164,2.7033402363299337,2.9876460264366957,2.7507051537404563,3.0651939338359617,2.878553239042762,2.8640322652614496,2.7209311614480423,3.0425653622732725,2.955576513192876,3.0213977654501263,3.1066250803821305
ENSG00000117523,2.729438476085454,2.876876247671292,2.639120342109994,2.6311542017256904,2.853273947129258,2.918787323645782,2.9659539779593636,2.5711710666518153,2.9679911936972405,2.6060632801695314,2.955576513192876,2.9096878824817765,2.357894308056047
ENSG00000169100,3.0365679311399605,3.263392831681874,2.900307633004179,3.0829173584571965,3.2282283351529943,3.2447818325257405,3.0965291830102832,2.9994989356302346,3.279031084265601,3.1210295852656613,3.2223853165213447,3.0560234270587348,3.439716712364762
ENSG00000008018,3.332052991892856,3.3472109177620473,3.394094473448747,2.962339175246786,3.1098149961272465,3.1381312531587104,3.3728454508221524,3.199750884848215,3.2240857921984984,3.45927116447489,3.333112639250659,3.4907423371242996,2.8445104668821477
ENSG00000270906,2.9822290295709255,2.5198228371001417,2.847876069167477,2.1325578845233477,2.552226728270738,2.6827834121114154,2.638883239958646,2.4688988730808035,2.3249727784342538,2.6060632801695314,2.633700868978811,2.4088763494672967,2.357894308056047
ENSG00000167642,2.574179270660435,3.2033377156467933,2.7033402363299337,2.7646092987471005,2.820239626361859,3.0651939338359617,2.676843503330091,2.4135526739084447,2.569959442547882,2.686903605391505,2.3967730341888784,3.0213977654501263,2.8445104668821477
ENSG00000130402,3.3121775883044915,3.248713776758877,3.1277648302472363,3.3059832096760142,3.003823779567139,3.460099427379264,3.1443320061172453,3.4302677571683415,3.0718583843122786,3.283220440345971,3.0978530129885966,3.1836531240398114,3.0384755773671115
ENSG00000221983,2.6928245990661535,2.6886413260221658,2.9255272972993245,2.2949260719245497,2.820239626361859,2.883121731566118,2.676843503330091,2.899657828988085,2.392071521383173,2.7616947437364403,2.5905946483899025,2.8276181604101605,2.357894308056047
ENSG00000176340,2.574179270660435,3.035229452596164,2.9501265447578846,3.036415841955198,2.975472629256204,2.8461369088821975,3.1207162061085354,2.9340577509403296,3.0384205170311556,2.9574162605251617,2.955576513192876,3.0894901686891725,3.07313076091063
ENSG00000108424,2.9822290295709255,3.122811980821803,2.639120342109994,2.962339175246786,2.820239626361859,2.953224565392506,2.878553239042762,2.66394732398461,2.9679911936972405,2.8312793153025146,2.825107507988645,2.9096878824817765,2.8445104668821477
ENSG00000206503,3.2064045735847784,3.2338160330525034,3.5253754139164974,3.4417452818077408,3.5002987055822077,3.1381312531587104,3.315519334923364,3.5094030860892365,3.2519357639114816,3.49451486734977,3.413635616813178,3.4684613640696957,3.439716712364762
ENSG00000099783,2.486461827949105,2.8103704876791853,2.8744354453424825,2.854175677280675,2.636400846580898,3.2061084491510927,2.8476355305594407,2.9340577509403296,2.8922232090563083,2.3697149162152193,2.2219316785394567,2.471856764153022,2.5476333030438534
ENSG00000122565,2.9247668856722204,2.833034090423049,2.9255272972993245,3.148850529002135,3.1588753389603967,2.8271185654580253,3.1899535922450837,3.1187846022279744,2.622856643102047,2.724998225954708,3.0433467277531787,2.9096878824817765,3.002576164079434
ENSG00000156508,2.9247668856722204,2.85519541665094,3.1676475327789686,3.1273522302165078,3.003823779567139,2.8077315008521397,3.2753907727097373,3.146508172930396,3.3054115742156083,3.2169030773610663,3.0978530129885966,2.9096878824817765,3.1390337938534776
ENSG00000044574,2.9247668856722204,2.7871813116443844,3.0647898378145193,3.0599368747355027,3.084351677083134,2.953224565392506,2.7827756247221447,2.9340577509403296,2.8922232090563083,2.896335286966226,2.7896454397622654,2.9483277885636827,2.965339839674915
ENSG00000147889,2.099506368300579,2.8980969779836414,1.882788780738768,1.7846697991138674,1.8037576897348693,3.1928776627806355,1.7705504919904982,1.5717557874128223,1.8987864451080856,2.0596297902544403,1.7404795740912804,1.6748074935822863,1.543353469559566
ENSG00000198668,2.9247668856722204,2.997929439049281,2.8205920014127948,2.909719131717198,2.7860766486921924,2.901113523486507,2.8476355305594407,2.7072953752699873,2.8922232090563083,2.8643362427991703,2.7147099177933915,2.4088763494672967,2.6036433717865815
ENSG00000234851,2.7647589926795275,2.85519541665094,2.7636836324138425,3.105381581263455,3.1588753389603967,2.883121731566118,2.878553239042762,2.899657828988085,2.7209311614480423,2.8643362427991703,3.0433467277531787,2.471856764153022,2.8445104668821477
ENSG00000126777,3.1607502814876693,2.7391245941706934,3.1676475327789686,2.666224475055436,2.853273947129258,2.6374060467130223,3.1207162061085354,2.5711710666518153,2.852071683832284,2.6060632801695314,2.892468273330715,2.783911022083346,2.7549997110977276
ENSG00000171863,2.439538122245324,2.4886924031036064,2.236200601096458,2.007528715470486,2.3043476148131448,2.403072607686965,2.3230352649509705,1.9958549886098074,1.5148230196055468,2.2569423427795012,2.448862446215656,2.191941059890587,1.9298409488777595
ENSG00000144713,2.164824617230797,2.5198228371001417,2.1316871034157976,2.795364772749675,2.184976054485816,2.6827834121114154,2.7134153299157164,2.5213418506518814,2.45494973187647,2.4710489078327122,2.448862446215656,2.4088763494672967,2.425220819957094
ENSG00000170515,2.486461827949105,2.8980969779836414,2.5704914914011145,2.189660470606603,2.0493985581034546,2.5652288208935694,2.599424942242136,2.5213418506518814,2.622856643102047,2.5181084433080456,2.892468273330715,2.587037548671646,2.7549997110977276
ENSG00000063177,2.5312820348332714,2.8980969779836414,2.9501265447578846,2.8252025030349586,2.3590829343859125,2.4874339491923703,2.676843503330091,2.9673135663722525,2.3249727784342538,2.4710489078327122,3.070971191300139,2.587037548671646,1.9298409488777595
ENSG00000169564,3.2284731684882577,3.0533703751142736,3.0862251856908576,3.3239961649408527,2.885251807987741,3.018733293965801,2.9376607464365114,3.225345599065225,2.9679911936972405,3.2395010706409986,2.985697367125115,2.8694947151801347,2.6566820074089925
ENSG00000124172,2.3903037106936758,2.5198228371001417,2.330817232162015,2.732877828980749,2.4109771358497003,2.403072607686965,2.5155059774310504,2.5213418506518814,2.6730957471144903,2.686903605391505,1.631701593011794,2.531104567180145,2.7549997110977276
ENSG00000196531,2.9539106380977374,2.3890265748749844,2.4968033786293518,2.517898754721667,2.3043476148131448,2.2444246658791225,2.676843503330091,2.4688988730808035,1.7864223279342177,2.9866123459957326,2.6750254774310402,2.9483277885636827,2.6566820074089925
ENSG00000009307,3.0881056747046842,2.9787443823685424,2.847876069167477,2.909719131717198,2.820239626361859,3.2320561650075508,3.1443320061172453,2.5711710666518153,2.8922232090563083,3.0425653622732725,2.8593549675479437,2.471856764153022,2.5476333030438534
ENSG00000237973,2.6928245990661535,2.85519541665094,3.020489435479612,2.795364772749675,3.084351677083134,2.7472076914566634,2.8476355305594407,2.9673135663722525,3.0718583843122786,2.8312793153025146,2.7896454397622654,2.7382059116013373,2.800756276744835
ENSG00000283429,2.9247668856722204,2.8103704876791853,2.9501265447578846,2.962339175246786,2.9462941792954913,2.767792004072847,2.5583455007308484,2.5711710666518153,2.392071521383173,2.8643362427991703,2.7147099177933915,2.6400070561241384,2.7549997110977276
ENSG00000125868,2.486461827949105,2.4886924031036064,2.4172502842045858,3.0829173584571965,2.820239626361859,3.0027540205916963,2.878553239042762,2.7887314887052583,2.6730957471144903,2.3697149162152193,2.4983723615692655,2.6903113767648286,2.357894308056047
ENSG00000161016,2.7647589926795275,2.8103704876791853,2.847876069167477,2.3436755557618105,2.975472629256204,2.3732929045845235,2.878553239042762,2.3549628757312937,2.8922232090563083,2.9574162605251617,3.070971191300139,2.9855300312745556,2.965339839674915
ENSG00000006327,3.0365679311399605,3.035229452596164,3.3129518480314224,3.2876398267774847,2.975472629256204,2.9865152579795264,3.1443320061172453,3.0609193491975897,3.1042142431326165,2.9273420619326607,3.124031079297623,3.2418374758346387,2.8445104668821477
ENSG00000235297,3.0626687835601163,2.997929439049281,2.7636836324138425,2.909719131717198,3.003823779567139,2.7472076914566634,3.0463260273547297,3.030680626710455,2.9308246282303356,3.0425653622732725,3.198688704417188,2.8694947151801347,3.1390337938534776
ENSG00000140416,2.574179270660435,2.7142014963185876,2.4172502842045858,2.3436755557618105,2.2464419742766397,2.589871291614082,2.676843503330091,2.7072953752699873,2.3249727784342538,2.6473001152111078,2.7147099177933915,2.587037548671646,2.6036433717865815
ENSG00000196924,2.6928245990661535,2.763441606144699,2.847876069167477,2.854175677280675,2.975472629256204,2.767792004072847,2.7827756247221447,3.030680626710455,2.6730957471144903,3.1937825845920185,2.6750254774310402,2.531104567180145,2.7070486692640454
ENSG00000172115,2.486461827949105,2.662410657921509,2.605394541147301,2.4771052403151743,2.4603106668822843,2.4600966974993383,2.4238941131358707,2.5213418506518814,2.6730957471144903,3.0425653622732725,3.014937421021827,2.4088763494672967,2.5476333030438534
ENSG00000143761,2.9822290295709255,3.122811980821803,2.7033402363299337,2.795364772749675,2.7860766486921924,3.2320561650075508,2.8476355305594407,2.7072953752699873,2.622856643102047,2.6060632801695314,2.7528794311669254,2.9483277885636827,2.800756276744835
ENSG00000164924,3.271200926575438,2.8980969779836414,2.847876069167477,3.0599368747355027,3.058222998265388,2.9361541776470363,3.2547060146676796,2.66394732398461,2.9308246282303356,3.095552836938366,3.0978530129885966,3.0213977654501263,2.800756276744835
ENSG00000131236,2.574179270660435,2.763441606144699,2.7636836324138425,2.557093177819222,2.184976054485816,2.43199106588528,2.2108509647785826,2.226356027809888,2.6730957471144903,2.3149174944867066,1.8385772010615087,2.191941059890587,2.7549997110977276
ENSG00000111669,2.654819029423146,2.7391245941706934,2.6717457250075634,2.517898754721667,2.4603106668822843,2.6827834121114154,2.5155059774310504,2.6186347389055022,2.8102403308861907,2.5181084433080456,2.6750254774310402,2.6903113767648286,2.357894308056047
ENSG00000011304,2.7988744139680843,2.997929439049281,2.8744354453424825,2.4771052403151743,3.205640908234299,3.0344612409124605,2.9376607464365114,3.030680626710455,2.569959442547882,2.7616947437364403,3.0433467277531787,3.1218730624995183,2.488298995165697
ENSG00000164111,3.2284731684882577,3.3866246273609537,3.2429365399358976,2.962339175246786,3.1346460020303457,3.449851588101872,3.4950623439807185,3.3882206450376935,3.515931851178533,3.145873361571532,3.2902814658725705,3.1532401144156066,3.3141083816500334
ENSG00000145741,3.1129115483621503,2.876876247671292,3.042884932295637,3.0123282165990504,2.820239626361859,2.953224565392506,2.9376607464365114,3.0609193491975897,3.16594509184584,3.1210295852656613,3.0433467277531787,3.1836531240398114,2.800756276744835
ENSG00000118181,2.439538122245324,2.607790319482266,2.7033402363299337,2.7646092987471005,2.6759718924879063,2.7472076914566634,2.5155059774310504,2.6186347389055022,2.622856643102047,2.7970921590240616,2.8593549675479437,2.587037548671646,2.488298995165697
ENSG00000147403,2.486461827949105,2.662410657921509,2.5704914914011145,2.8252025030349586,2.552226728270738,2.4874339491923703,2.7486967131263937,2.9340577509403296,2.569959442547882,2.6473001152111078,2.955576513192876,2.4088763494672967,2.5476333030438534
ENSG00000106803,2.8638004572334808,2.7391245941706934,2.9975808679777454,3.190508380498099,3.003823779567139,3.0950102219578963,3.0463260273547297,3.0609193491975897,3.380618015593008,3.145873361571532,2.633700868978811,2.587037548671646,2.6036433717865815
ENSG00000142089,3.137116955699143,2.9591840478253633,2.9501265447578846,3.1273522302165078,3.313797555844236,3.1658790573632465,3.295656328000589,3.1187846022279744,2.852071683832284,2.896335286966226,3.2902814658725705,3.0213977654501263,2.9266631652227875
ENSG00000150991,2.8318642669639513,2.833034090423049,3.2246390065608175,3.105381581263455,3.2282283351529943,2.8648002951184175,3.1207162061085354,3.0609193491975897,3.1954379251511735,2.896335286966226,3.353859367476961,3.0560234270587348,3.1704250701913335
ENSG00000100097,2.338519176321799,2.4886924031036064,2.9501265447578846,2.8252025030349586,2.9162386927321053,2.5140437188174327,3.0202465500199263,2.292725493702142,2.392071521383173,2.4216649354458806,2.7147099177933915,2.6400070561241384,2.7070486692640454
ENSG00000181524,2.486461827949105,2.3534679051258567,2.5704914914011145,2.434576581621819,2.5951991863587094,1.8741352952638934,2.5583455007308484,2.226356027809888,1.7864223279342177,2.5630525568647355,2.341820493778139,2.107738928862401,1.543353469559566
ENSG00000103187,2.9539106380977374,2.85519541665094,3.0862251856908576,2.7646092987471005,2.636400846580898,2.589871291614082,2.9376607464365114,2.226356027809888,2.852071683832284,2.9574162605251617,2.6750254774310402,3.0213977654501263,2.8864302121507275
ENSG00000204525,3.1607502814876693,3.071188059690512,2.9741351690587736,3.3059832096760142,3.058222998265388,3.1095914806729024,3.233584344073141,3.4706180174908208,2.7209311614480423,3.1937825845920185,3.070971191300139,3.4907423371242996,2.8445104668821477
ENSG00000111057,2.099506368300579,2.0612568202553674,2.18530861518356,1.938617176524515,2.1194832058958593,2.0133619080390868,1.939779445389482,1.4301308194656037,2.0915222846976893,1.6077942265558651,2.0099045512939435,2.191941059890587,2.207897419230693
ENSG00000088832,2.3903037106936758,2.876876247671292,2.075026600514503,2.1325578845233477,2.3590829343859125,3.0344612409124605,2.7827756247221447,2.292725493702142,2.7665824309644704,2.5181084433080456,2.341820493778139,2.191941059890587,1.8168361911830326
ENSG00000131143,2.8318642669639513,2.6354733650254016,2.639120342109994,3.1273522302165078,2.7507051537404563,2.970008439065902,2.9659539779593636,2.8270904854609618,3.0038257634564225,3.095552836938366,2.8593549675479437,2.4088763494672967,2.800756276744835
ENSG00000089280,3.0626687835601163,3.035229452596164,2.534326023752604,2.8823329893541714,3.1098149961272465,2.953224565392506,2.5583455007308484,2.6186347389055022,3.2240857921984984,2.686903605391505,3.014937421021827,3.0213977654501263,3.0384755773671115
ENSG00000140264,3.3121775883044915,3.105898401418945,3.0647898378145193,3.169896361140777,3.1098149961272465,2.8648002951184175,3.0717426167084185,3.0609193491975897,2.7665824309644704,3.2395010706409986,2.7147099177933915,3.0894901686891725,2.9266631652227875
ENSG00000182774,2.164824617230797,2.607790319482266,2.7636836324138425,2.666224475055436,2.820239626361859,2.5140437188174327,2.599424942242136,2.6186347389055022,2.569959442547882,2.686903605391505,2.1561275578926473,2.471856764153022,2.7070486692640454
ENSG00000113739,3.2284731684882577,3.263392831681874,3.1277648302472363,2.9876460264366957,3.334092807619193,3.2447818325257405,3.167402942762257,3.3443276764738035,3.3311139836979473,3.32510822309965,2.8593549675479437,3.213168417606894,3.0384755773671115
ENSG00000102172,2.439538122245324,2.8103704876791853,2.1316871034157976,2.434576581621819,2.2464419742766397,2.8271185654580253,2.676843503330091,2.4688988730808035,2.514107080960038,2.2569423427795012,2.7147099177933915,2.4088763494672967,2.6566820074089925
ENSG00000173113,3.0881056747046842,3.263392831681874,2.605394541147301,2.557093177819222,2.6759718924879063,3.1239631782872674,3.212006904600399,2.8640322652614496,2.852071683832284,2.8643362427991703,2.7147099177933915,2.6400070561241384,2.9266631652227875
ENSG00000117724,2.164824617230797,2.7142014963185876,2.639120342109994,2.557093177819222,2.4109771358497003,2.8271185654580253,2.5583455007308484,2.292725493702142,2.3249727784342538,2.0596297902544403,2.4983723615692655,2.471856764153022,2.357894308056047
ENSG00000123689,1.7848027431614928,2.2385111373247684,1.5506508778134365,1.938617176524515,1.3397300614471719,2.403072607686965,2.084472191923229,2.0787339091580495,1.9997905836167882,1.813569764462005,1.2089717452109743,1.3588833375050275,2.0313623347895624
ENSG00000139644,2.9247668856722204,2.8103704876791853,2.847876069167477,2.795364772749675,3.0313932526886505,2.767792004072847,3.0717426167084185,2.8270904854609618,3.0038257634564225,2.686903605391505,3.0433467277531787,2.8276181604101605,2.7549997110977276
ENSG00000170889,2.8318642669639513,2.7391245941706934,2.3749673017066475,2.732877828980749,2.552226728270738,2.6827834121114154,2.4238941131358707,2.9994989356302346,2.569959442547882,2.8643362427991703,2.8593549675479437,2.8276181604101605,2.5476333030438534
ENSG00000245910,2.439538122245324,2.4233641228542235,2.18530861518356,2.4771052403151743,1.8925132112049685,2.8648002951184175,2.014740537805698,1.9958549886098074,2.253045890380962,2.195398092810185,2.0099045512939435,1.6748074935822863,2.425220819957094
ENSG00000062716,2.729438476085454,2.763441606144699,2.733967031011416,2.557093177819222,3.084351677083134,2.918787323645782,2.9659539779593636,2.7488421830909595,2.622856643102047,2.6473001152111078,2.7147099177933915,2.8694947151801347,2.5476333030438534
ENSG00000158417,2.2261367296278216,2.3165980491002056,2.1316871034157976,2.1325578845233477,2.507324396316925,2.589871291614082,2.7134153299157164,2.4688988730808035,2.253045890380962,2.3697149162152193,2.7528794311669254,2.191941059890587,2.425220819957094
ENSG00000088247,2.7647589926795275,2.9591840478253633,2.3749673017066475,2.4771052403151743,2.507324396316925,2.9865152579795264,2.7134153299157164,2.292725493702142,2.7209311614480423,2.6473001152111078,2.0099045512939435,2.7382059116013373,2.6566820074089925
ENSG00000088986,2.6928245990661535,2.6354733650254016,2.7636836324138425,2.962339175246786,2.820239626361859,2.8271185654580253,2.908543641360718,3.225345599065225,2.852071683832284,2.8312793153025146,3.070971191300139,3.0213977654501263,2.8445104668821477
ENSG00000113810,2.3903037106936758,2.5793190507406765,2.330817232162015,2.189660470606603,2.7140364932538112,2.5399637234463075,2.638883239958646,2.6186347389055022,2.622856643102047,2.3149174944867066,2.283671677188233,3.1532401144156066,2.357894308056047
ENSG00000130826,1.9544836005232362,2.3890265748749844,1.644583988156501,2.1325578845233477,2.507324396316925,2.4874339491923703,1.7705504919904982,1.905481319672695,2.622856643102047,1.813569764462005,1.8385772010615087,1.8018300477916511,2.207897419230693
ENSG00000198258,2.439538122245324,2.2385111373247684,2.1316871034157976,2.1325578845233477,1.7063505131066277,2.4600966974993383,2.014740537805698,2.226356027809888,2.253045890380962,2.195398092810185,2.3967730341888784,2.107738928862401,1.9298409488777595
ENSG00000106028,2.654819029423146,2.662410657921509,1.882788780738768,2.7646092987471005,2.6759718924879063,2.8648002951184175,2.3747357138579575,2.7887314887052583,2.9679911936972405,2.6060632801695314,2.4983723615692655,2.9096878824817765,2.123520408486718
ENSG00000057019,3.2918991286083923,3.2033377156467933,3.2429365399358976,2.854175677280675,3.1588753389603967,3.0950102219578963,2.9376607464365114,2.8640322652614496,3.0718583843122786,2.9273420619326607,3.124031079297623,3.0213977654501263,3.002576164079434
ENSG00000175606,1.9544836005232362,3.01675334711826,1.446970875867564,2.2436777380841266,2.0493985581034546,2.9865152579795264,2.014740537805698,1.8061214098201093,2.514107080960038,2.0596297902544403,1.7404795740912804,2.471856764153022,1.543353469559566
ENSG00000242299,2.439538122245324,2.8103704876791853,2.7033402363299337,2.962339175246786,2.1194832058958593,2.8271185654580253,2.878553239042762,2.8640322652614496,2.7665824309644704,2.5181084433080456,2.7528794311669254,2.9096878824817765,2.5476333030438534
ENSG00000147065,2.338519176321799,2.9591840478253633,2.733967031011416,2.4771052403151743,2.9162386927321053,3.2061084491510927,2.638883239958646,1.9958549886098074,2.7665824309644704,2.4710489078327122,2.283671677188233,2.8694947151801347,2.5476333030438534
ENSG00000142669,3.0626687835601163,2.9787443823685424,3.260905280669377,3.148850529002135,2.9162386927321053,3.257347590258032,3.0717426167084185,2.7488421830909595,3.0718583843122786,3.145873361571532,3.245533373035062,2.8276181604101605,3.508145036970592
ENSG00000075618,2.574179270660435,2.607790319482266,2.330817232162015,2.854175677280675,2.5951991863587094,2.8648002951184175,2.268515455257906,2.5213418506518814,1.9997905836167882,3.0149801455993224,2.7528794311669254,2.587037548671646,2.7070486692640454
ENSG00000125356,2.6928245990661535,3.139444242550541,2.534326023752604,2.3901585878404314,2.5951991863587094,3.363853269770965,2.3230352649509705,2.6186347389055022,2.569959442547882,2.5181084433080456,2.4983723615692655,2.6400070561241384,2.6036433717865815
ENSG00000171345,2.8947482126901134,2.7391245941706934,2.9255272972993245,2.517898754721667,2.552226728270738,2.6374060467130223,2.7486967131263937,2.9340577509403296,2.622856643102047,2.7616947437364403,2.825107507988645,3.0560234270587348,3.1390337938534776
ENSG00000137309,3.0881056747046842,2.7871813116443844,3.020489435479612,3.2499116743520777,2.9462941792954913,2.901113523486507,3.167402942762257,3.030680626710455,2.569959442547882,2.5630525568647355,3.0433467277531787,2.783911022083346,3.1704250701913335
ENSG00000167283,2.654819029423146,2.876876247671292,2.8205920014127948,2.962339175246786,2.975472629256204,3.1658790573632465,3.0463260273547297,2.7072953752699873,3.279031084265601,2.8643362427991703,2.825107507988645,2.783911022083346,3.07313076091063
ENSG00000188229,2.7988744139680843,2.607790319482266,2.9741351690587736,2.854175677280675,2.9462941792954913,2.6374060467130223,2.815731336416723,2.7072953752699873,2.7665824309644704,2.8643362427991703,2.985697367125115,2.471856764153022,2.488298995165697
ENSG00000131711,2.9247668856722204,3.071188059690512,2.9975808679777454,2.854175677280675,2.4603106668822843,2.589871291614082,2.676843503330091,2.7072953752699873,3.1954379251511735,3.2169030773610663,2.9245201419140536,3.2418374758346387,3.2590868864503832
ENSG00000150093,2.654819029423146,2.4233641228542235,2.792542582606381,2.2949260719245497,2.3043476148131448,2.1355522430345206,2.599424942242136,2.4688988730808035,2.0915222846976893,1.9024887588716517,2.283671677188233,2.2696005336479903,2.488298995165697
ENSG00000119707,2.338519176321799,2.7871813116443844,2.236200601096458,2.007528715470486,2.2464419742766397,2.7472076914566634,2.599424942242136,1.905481319672695,1.7864223279342177,2.4710489078327122,2.283671677188233,2.107738928862401,2.488298995165697
ENSG00000112081,3.0881056747046842,2.85519541665094,2.9975808679777454,2.8252025030349586,2.4109771358497003,2.953224565392506,2.9659539779593636,2.8640322652614496,3.0038257634564225,2.8312793153025146,2.7896454397622654,2.783911022083346,2.5476333030438534
ENSG00000142534,2.574179270660435,2.6886413260221658,2.7636836324138425,2.666224475055436,2.636400846580898,2.43199106588528,2.878553239042762,2.5213418506518814,2.514107080960038,3.095552836938366,2.825107507988645,2.3416612034430044,2.488298995165697
ENSG00000150753,2.6153117762341624,3.071188059690512,2.6717457250075634,2.517898754721667,2.507324396316925,2.6603520954936735,2.5583455007308484,3.030680626710455,2.8102403308861907,2.3149174944867066,3.014937421021827,2.6903113767648286,2.6566820074089925
ENSG00000232573,2.7988744139680843,2.6354733650254016,2.4968033786293518,2.962339175246786,2.820239626361859,2.5652288208935694,3.0202465500199263,2.66394732398461,2.8102403308861907,2.5181084433080456,2.633700868978811,2.6903113767648286,2.207897419230693
ENSG00000091527,2.574179270660435,2.4886924031036064,2.0149618323275442,2.2436777380841266,2.507324396316925,2.403072607686965,2.3747357138579575,2.4135526739084447,1.5148230196055468,1.9841427669199623,1.9279055300455106,1.9145212008382146,2.7070486692640454
ENSG00000119888,1.8732378118024398,1.9592602554470926,2.2846275378218475,1.697787774872767,2.1194832058958593,2.1355522430345206,1.3104456174796704,2.0787339091580495,1.5148230196055468,1.813569764462005,1.9279055300455106,1.6748074935822863,1.8168361911830326
ENSG00000160789,2.7647589926795275,2.93923346042757,3.042884932295637,2.8823329893541714,3.1098149961272465,2.7472076914566634,3.233584344073141,2.9340577509403296,3.1954379251511735,3.145873361571532,3.014937421021827,3.1836531240398114,2.8864302121507275
ENSG00000135046,2.8947482126901134,2.662410657921509,2.605394541147301,2.9363752221816006,2.6759718924879063,2.767792004072847,2.8476355305594407,2.7887314887052583,2.514107080960038,2.9574162605251617,2.825107507988645,2.531104567180145,3.002576164079434
ENSG00000127022,3.0097675244833195,2.997929439049281,2.8744354453424825,3.169896361140777,2.9462941792954913,3.1928776627806355,2.908543641360718,2.8270904854609618,3.0384205170311556,2.9273420619326607,2.633700868978811,2.8694947151801347,3.0384755773671115
ENSG00000105323,3.137116955699143,3.139444242550541,2.8744354453424825,3.0829173584571965,3.2503168193061907,3.341146282520316,2.7486967131263937,2.9340577509403296,3.1954379251511735,2.686903605391505,3.0978530129885966,3.0213977654501263,2.5476333030438534
ENSG00000149806,2.7988744139680843,2.876876247671292,2.792542582606381,2.9876460264366957,2.5951991863587094,2.6374060467130223,3.1899535922450837,2.8270904854609618,3.0038257634564225,3.0149801455993224,2.955576513192876,2.6903113767648286,2.800756276744835
ENSG00000125835,2.8318642669639513,2.93923346042757,2.8744354453424825,2.795364772749675,2.7140364932538112,2.953224565392506,2.878553239042762,2.9340577509403296,2.3249727784342538,2.8643362427991703,3.0978530129885966,2.8276181604101605,2.425220819957094
ENSG00000165502,2.574179270660435,2.93923346042757,2.7033402363299337,2.7646092987471005,2.885251807987741,2.9361541776470363,2.3747357138579575,2.7072953752699873,2.8102403308861907,2.724998225954708,2.448862446215656,2.8694947151801347,2.8445104668821477
ENSG00000213315,2.5312820348332714,2.7142014963185876,2.330817232162015,2.6311542017256904,2.636400846580898,2.589871291614082,2.7827756247221447,2.7072953752699873,2.392071521383173,2.5630525568647355,2.5905946483899025,2.587037548671646,2.7070486692640454
ENSG00000106263,2.2261367296278216,2.45656164116645,2.330817232162015,2.3901585878404314,2.3043476148131448,2.4874339491923703,2.268515455257906,2.3549628757312937,2.514107080960038,2.3697149162152193,2.448862446215656,2.3416612034430044,2.5476333030438534
ENSG00000105971,1.3230001759373526,2.1538062346935374,2.330817232162015,2.2949260719245497,1.3397300614471719,2.2094345312609103,2.014740537805698,1.905481319672695,1.1407676734592573,2.195398092810185,2.0099045512939435,1.9145212008382146,1.9298409488777595
ENSG00000149925,2.3903037106936758,2.45656164116645,2.4968033786293518,2.1325578845233477,1.8925132112049685,2.6603520954936735,2.3230352649509705,1.8061214098201093,2.253045890380962,2.2569423427795012,2.283671677188233,2.531104567180145,2.357894308056047
